"Date","Plan..KZT","Fact..KZT..with.discount.","Fact..KZT..without.discount.","Diff..KZT","Average.discount","Traffic","Receipt..customers.","Sold.pcs","pcs..customers","Averame.amount.of.cheque","Average.price.piece","Qty.of.hours","Productivity","Cost.of.sales"
"1/1/2016",1711959,662900,1252950,-1049059,47.09,638,41,61,1.49,16168.29,10867.21,16,41431,340378
"1/2/2016",2853264,2275290,3660850,-577974,37.85,1507,103,163,1.58,22090.19,13958.83,32,71103,908362
"1/3/2016",2282606,1782140,2976800,-500466,40.13,1179,85,124,1.46,20966.35,14372.1,24,74256,727384
"1/4/2016",1141306,1961640,3334000,820334,41.16,1191,96,140,1.46,20433.75,14011.71,24,81735,893687
"1/5/2016",1141306,1131760,1819850,-9546,37.81,622,51,83,1.63,22191.37,13635.66,8,141470,458621
"1/6/2016",1141306,1327130,2103700,185824,36.91,689,49,86,1.76,27084.29,15431.74,8,165891,535484
"1/7/2016",1141306,1221810,2127800,80504,42.58,1000,75,104,1.39,16290.8,11748.17,16,76363,530256
"1/8/2016",1711959,1001260,1621000,-710699,38.23,666,48,80,1.67,20859.58,12515.75,24,41719,402696
"1/9/2016",2853264,2048270,3356550,-804994,38.98,1022,71,149,2.1,28848.87,13746.78,36,56896,769270
"1/10/2016",2282606,1564250,2767650,-718356,43.48,910,64,127,1.98,24441.41,12316.93,24,65177,663726
"1/11/2016",1141306,705300,1262050,-436006,44.11,501,43,59,1.37,16402.33,11954.24,16,44081,329076
"1/12/2016",1141306,700740,1165400,-440566,39.87,484,40,52,1.3,17518.5,13475.77,16,43796,275943
"1/13/2016",1141306,674950,1054800,-466356,36.01,375,32,44,1.38,21092.19,15339.77,24,28123,266600
"1/14/2016",1141306,882900,1507900,-258406,41.45,441,36,62,1.72,24525,14240.32,24,36788,376357
"1/15/2016",1711959,693450,1258300,-1018509,44.89,382,38,54,1.42,18248.68,12841.67,24,28894,346519
"1/16/2016",2853264,1405860,2378750,-1447404,40.9,872,72,105,1.46,19525.83,13389.14,40,35147,569385
"1/17/2016",2282606,1237640,2211650,-1044966,44.04,744,68,107,1.57,18200.59,11566.73,46,26905,552661
"1/18/2016",1141306,698150,1090750,-443156,35.99,427,26,45,1.73,26851.92,15514.44,24,29090,259813
"1/19/2016",1141306,576000,1035250,-565306,44.36,418,36,55,1.53,16000,10472.73,24,24000,233120
"1/20/2016",1141306,553670,957550,-587636,42.18,452,39,49,1.26,14196.67,11299.39,24,23070,211527
"1/21/2016",1141306,903400,1546050,-237906,41.57,440,39,79,2.03,23164.1,11435.44,24,37642,377667
"1/22/2016",1711959,869890,1647600,-842069,47.2,505,45,88,1.96,19330.89,9885.11,32,27184,371335
"1/23/2016",2853264,1818520,3239700,-1034744,43.87,1130,95,166,1.75,19142.32,10954.94,48,37886,733814
"1/24/2016",2282606,1342910,2560150,-939696,47.55,963,78,123,1.58,17216.79,10917.97,40,33573,625147
"1/25/2016",1141306,430720,949350,-710586,54.63,362,32,53,1.66,13460,8126.79,16,26920,233943
"1/26/2016",1141306,770600,1471900,-370706,47.65,479,39,82,2.1,19758.97,9397.56,16,48163,342067
"1/27/2016",1141306,642560,1229700,-498746,47.75,433,40,66,1.65,16064,9735.76,32,20080,284505
"1/28/2016",1141306,944670,2196700,-196636,57,571,61,106,1.74,15486.39,8911.98,33,28626,571433
"1/29/2016",1711959,1239550,2511650,-472409,50.65,769,63,127,2.02,19675.4,9760.24,32,38736,619367
"1/30/2016",2853264,2194500,4911800,-658764,55.32,1284,114,236,2.07,19250,9298.73,48,45719,1244372
"1/31/2016",2282567,2775830,5742400,493263,51.66,1271,114,258,2.26,24349.39,10759.03,40,69396,1492954
"2/1/2016",1268293,647350,1434600,-620943,54.88,342,43,68,1.58,15054.65,9519.85,24,26973,365286
"2/2/2016",1268293,1013660,2308050,-254633,56.08,424,42,99,2.36,24134.76,10238.99,24,42236,592815
"2/3/2016",1268293,825100,1672850,-443193,50.68,532,48,89,1.85,17189.58,9270.79,24,34379,434812
"2/4/2016",1268293,1119310,2371150,-148983,52.79,640,59,117,1.98,18971.36,9566.75,16,69957,589381
"2/5/2016",1902439,1359440,2837600,-542999,52.09,657,71,148,2.08,19147.04,9185.41,24,56643,740644
"2/6/2016",3170731,3149660,8252850,-21071,61.84,1760,170,403,2.37,18527.41,7815.53,40,78742,2085780
"2/7/2016",2536585,2552870,6808700,16285,62.51,1590,153,346,2.26,16685.42,7378.24,40,63822,1743884
"2/8/2016",1268293,1469470,3720850,201177,60.51,875,95,183,1.93,15468.11,8029.89,16,91842,1009219
"2/9/2016",1268293,957150,2440900,-311143,60.79,589,66,122,1.85,14502.27,7845.49,16,59822,615676
"2/10/2016",1268293,1017540,2681300,-250753,62.05,689,62,128,2.06,16411.94,7949.53,16,63596,692227
"2/11/2016",1268293,1300360,3263800,32067,60.16,794,71,164,2.31,18314.93,7929.02,16,81273,883971
"2/12/2016",1902439,1592370,3790800,-310069,57.99,745,111,184,1.66,14345.68,8654.18,24,66349,911831
"2/13/2016",3170731,3199950,8355800,29219,61.7,1619,192,404,2.1,16666.41,7920.67,40,79999,2084892
"2/14/2016",2536585,2325500,5912150,-211085,60.67,1382,141,303,2.15,16492.91,7674.92,40,58138,1494735
"2/15/2016",1268293,1472970,3614050,204677,59.24,797,82,185,2.26,17963.05,7962,16,92061,911878
"2/16/2016",1268293,1212840,3045050,-55453,60.17,569,77,139,1.81,15751.17,8725.47,16,75803,693522
"2/17/2016",1268293,1401180,4940775,132887,71.64,723,111,190,1.71,12623.24,7374.63,24,58383,912540
"2/18/2016",1268293,1612490,5520560,344197,70.79,835,96,221,2.3,16796.77,7296.33,24,67187,1062687
"2/19/2016",1902439,1407270,5398800,-495169,73.93,713,113,226,2,12453.72,6226.86,38,37033,1026480
"2/20/2016",3170731,2651850,9224080,-518881,71.25,1170,179,394,2.2,14814.8,6730.58,24,110494,1753468
"2/21/2016",2536585,2889270,9919510,352685,70.87,1349,196,385,1.96,14741.17,7504.6,48,60193,1952707
"2/22/2016",1268293,1096510,3882700,-171783,71.76,536,82,186,2.27,13372.07,5895.22,16,68532,788362
"2/23/2016",1268293,1111620,3604850,-156673,69.16,552,85,163,1.92,13077.88,6819.75,32,34738,721257
"2/24/2016",1268293,1040080,2991935,-228213,65.24,552,84,139,1.65,12381.9,7482.59,24,43337,606898
"2/25/2016",1268293,1284640,3915900,16347,67.19,599,88,162,1.84,14598.18,7929.88,24,53527,776742
"2/26/2016",1902439,1773960,4336750,-128479,59.09,528,85,185,2.18,20870.12,9588.97,48,36958,873011
"2/27/2016",3170730,2380960,7699650,-789770,69.08,1015,141,307,2.18,16886.24,7755.57,38,62657,1405293
"2/28/2016",2536585,2785770,7166500,249185,61.13,1123,144,290,2.01,19345.63,9606.1,48,58037,1451953
"2/29/2016",1268293,859680,2161100,-408613,60.22,450,58,118,2.03,14822.07,7285.42,24,35820,485081
"3/1/2016",820000,1021830,3138135,201830,67.44,457,79,135,1.71,12934.56,7569.11,16,63864,678953
"3/2/2016",820000,1017660,2404250,197660,57.67,458,58,115,1.98,17545.86,8849.22,16,63604,518457
"3/3/2016",820000,908030,2462150,88030,63.12,510,58,117,2.02,15655.69,7760.94,24,37835,506789
"3/4/2016",820000,1183740,2935890,363740,59.68,611,76,130,1.71,15575.53,9105.69,32,36992,620052
"3/5/2016",820000,2747760,9032510,1927760,69.58,2350,233,453,1.94,11792.96,6065.7,48,57245,1936462
"3/6/2016",2460000,2398460,5792940,-61540,58.6,1695,162,269,1.66,14805.31,8916.21,42,57106,1270042
"3/7/2016",2460000,1790680,3426540,-669320,47.74,1498,99,157,1.59,18087.68,11405.61,16,111918,801460
"3/8/2016",2234500,1099860,2293740,-1134640,52.05,897,74,93,1.26,14862.97,11826.45,40,27497,507449
"3/9/2016",820000,1055540,1708050,235540,38.2,393,33,79,2.39,31986.06,13361.27,24,43981,356933
"3/10/2016",820000,482530,646450,-337470,25.36,318,17,25,1.47,28384.12,19301.2,24,20105,167698
"3/11/2016",820000,475810,458450,-344190,-3.79,249,18,11,0.61,26433.89,43255.45,24,19825,99705
"3/12/2016",2234500,1074370,1097250,-1160130,2.09,727,41,55,1.34,26204.15,19534,48,22383,283272
"3/13/2016",2234500,1756170,1806200,-478330,2.77,803,53,76,1.43,33135.28,23107.5,48,36587,468612
"3/14/2016",820000,769890,803050,-50110,4.13,370,26,39,1.5,29611.15,19740.77,32,24059,202443
"3/15/2016",820000,567040,598900,-252960,5.32,312,18,22,1.22,31502.22,25774.55,28,20251,180863
"3/16/2016",820000,525860,617100,-294140,14.79,218,19,18,0.95,27676.84,29214.44,24,21911,196363
"3/17/2016",820000,686180,724300,-133820,5.26,316,24,34,1.42,28590.83,20181.76,24,28591,203226
"3/18/2016",820000,986370,1182150,166370,16.56,442,31,57,1.84,31818.39,17304.74,32,30824,375042
"3/19/2016",820000,1345240,1622200,525240,17.07,493,40,76,1.9,33631,17700.53,52,25870,454210
"3/20/2016",2234500,1474180,1795000,-760320,17.87,670,51,100,1.96,28905.49,14741.8,48,30712,533720
"3/21/2016",2234500,1765840,2245650,-468660,21.37,724,42,107,2.55,42043.81,16503.18,32,55183,663436
"3/22/2016",2234500,1014940,1251650,-1219560,18.91,603,31,67,2.16,32740,15148.36,40,25374,363030
"3/23/2016",2193500,1116680,1359400,-1076820,17.85,535,37,72,1.95,30180.54,15509.44,40,27917,408545
"3/24/2016",820000,398540,470750,-421460,15.34,337,16,25,1.56,24908.75,15941.6,24,16606,140173
"3/25/2016",820000,411610,413850,-408390,0.54,328,22,23,1.05,18709.55,17896.09,38,10832,120269
"3/26/2016",2050000,1663780,1825900,-386220,8.88,608,42,82,1.95,39613.81,20290,48,34662,539666
"3/27/2016",2050000,1442890,1519400,-607110,5.04,662,50,72,1.44,28857.8,20040.14,40,36072,449350
"3/28/2016",820000,556090,565550,-263910,1.67,334,20,29,1.45,27804.5,19175.52,24,23170,168092
"3/29/2016",820000,870950,918100,50950,5.14,304,27,38,1.41,32257.41,22919.74,24,36290,253198
"3/30/2016",820000,859210,877300,39210,2.06,334,26,34,1.31,33046.54,25270.88,24,35800,219465
"3/31/2016",820000,881130,942750,61130,6.54,380,29,45,1.55,30383.79,19580.67,24,36714,293150
"4/1/2016",976190,618880,723150,-357310,14.42,275,23,37,1.61,26907.83,16726.49,24,25787,205687
"4/2/2016",2440476,1850230,2226250,-590246,16.89,615,55,95,1.73,33640.55,19476.11,40,46256,636752
"4/3/2016",1952381,1400350,1740600,-552031,19.55,639,56,88,1.57,25006.25,15913.07,40,35009,502390
"4/4/2016",976190,588000,748350,-388190,21.43,333,27,33,1.22,21777.78,17818.18,16,36750,214879
"4/5/2016",976190,788230,860900,-187960,8.44,328,32,42,1.31,24632.19,18767.38,16,49264,259178
"4/6/2016",976190,706350,843100,-269840,16.22,314,27,38,1.41,26161.11,18588.16,24,29431,227792
"4/7/2016",976190,877480,1039650,-98710,15.6,349,35,47,1.34,25070.86,18669.79,24,36562,302855
"4/8/2016",1464286,1145300,1313700,-318986,12.82,431,47,66,1.4,24368.09,17353.03,32,35791,398884
"4/9/2016",2440476,1932240,2172850,-508236,11.07,673,70,103,1.47,27603.43,18759.61,40,48306,670017
"4/10/2016",1952381,2210550,2467800,258169,10.42,613,61,124,2.03,36238.52,17827.02,48,46053,798424
"4/11/2016",976190,1099630,1175250,123440,6.43,351,31,55,1.77,35471.94,19993.27,24,45818,360844
"4/12/2016",976190,575500,628250,-400690,8.4,275,23,35,1.52,25021.74,16442.86,24,23979,176850
"4/13/2016",976190,869010,978200,-107180,11.16,335,33,36,1.09,26333.64,24139.17,28,31036,271019
"4/14/2016",976190,915900,1016000,-60290,9.85,730,42,60,1.43,21807.14,15265,32,28622,332356
"4/15/2016",1464286,1740450,1876500,276164,7.25,1181,49,90,1.84,35519.39,19338.33,32,54389,577373
"4/16/2016",2440476,2023730,2196250,-416746,7.86,1201,63,115,1.83,32122.7,17597.65,48,42161,671678
"4/17/2016",1952381,2369990,2540450,417609,6.71,1261,64,131,2.05,37031.09,18091.53,48,49375,791121
"4/18/2016",976190,931350,986250,-44840,5.57,602,34,55,1.62,27392.65,16933.64,32,29105,311126
"4/19/2016",976190,1278680,1384200,302490,7.62,694,38,76,2,33649.47,16824.74,24,53278,436617
"4/20/2016",976190,936920,1102150,-39270,14.99,549,29,57,1.97,32307.59,16437.19,24,39038,339513
"4/21/2016",976190,1566900,1708200,590710,8.27,508,40,76,1.9,39172.5,20617.11,24,65288,485833
"4/22/2016",1464286,1149680,1192250,-314606,3.57,532,33,55,1.67,34838.79,20903.27,40,28742,369559
"4/23/2016",2440476,2534360,2746500,93884,7.72,1237,71,150,2.11,35695.21,16895.73,48,52799,904854
"4/24/2016",1952381,1852870,2008400,-99511,7.74,1026,57,112,1.96,32506.49,16543.48,48,38601,588755
"4/25/2016",976190,1612280,1674850,636090,3.74,678,40,83,2.08,40307,19425.06,32,50384,531136
"4/26/2016",976190,938080,1024200,-38110,8.41,501,30,56,1.87,31269.33,16751.43,30,31269,324790
"4/27/2016",976190,809210,843500,-166980,4.07,598,27,50,1.85,29970.74,16184.2,32,25288,264882
"4/28/2016",976190,1063870,1107300,87680,3.92,596,34,54,1.59,31290.29,19701.3,24,44328,347119
"4/29/2016",976190,1452810,1738500,476620,16.43,865,46,90,1.96,31582.83,16142.33,32,45400,548419
"4/30/2016",1464297,2408960,2900300,944663,16.94,1444,80,154,1.93,30112,15642.6,40,60224,880135
"5/1/2016",2050000,1702200,2024300,-347800,15.91,1190,63,114,1.81,27019.05,14931.58,40,42555,640666
"5/2/2016",2050000,1910370,2283050,-139630,16.32,1391,68,119,1.75,28093.68,16053.53,48,39799,689049
"5/3/2016",820000,805780,950700,-14220,15.24,428,30,46,1.53,26859.33,17516.96,24,33574,295214
"5/4/2016",820000,1355130,1631850,535130,16.96,926,42,83,1.98,32265,16326.87,32,42348,466305
"5/5/2016",820000,947020,1117950,127020,15.29,747,42,61,1.45,22548.1,15524.92,32,29594,339853
"5/6/2016",820000,1276370,1515900,456370,15.8,857,51,82,1.61,25026.86,15565.49,40,31909,451119
"5/7/2016",2460000,2063730,2454750,-396270,15.93,1593,92,145,1.58,22431.85,14232.62,40,51593,734391
"5/8/2016",2460000,1796280,2124350,-663720,15.44,1417,84,133,1.58,21384.29,13505.86,48,37423,654079
"5/9/2016",2460000,1723050,2040850,-736950,15.57,1369,73,103,1.41,23603.42,16728.64,40,43076,606283
"5/10/2016",1640000,1825980,2170150,185980,15.86,1004,62,117,1.89,29451.29,15606.67,40,45650,662156
"5/11/2016",820000,747850,747850,-72150,0,615,23,43,1.87,32515.22,17391.86,24,31160,244075
"5/12/2016",820000,737070,784800,-82930,6.08,601,34,44,1.29,21678.53,16751.59,32,23033,253150
"5/13/2016",820000,1003240,1085250,183240,7.56,765,37,55,1.49,27114.59,18240.73,34,29507,344034
"5/14/2016",2050000,1634710,1855650,-415290,11.91,1075,61,107,1.75,26798.52,15277.66,44,37153,543572
"5/15/2016",2050000,1802300,2080200,-247700,13.36,1199,62,116,1.87,29069.35,15537.07,48,37548,607937
"5/16/2016",820000,988010,1048050,168010,5.73,570,28,59,2.11,35286.07,16745.93,32,30875,331648
"5/17/2016",820000,1214340,1317450,394340,7.83,519,46,71,1.54,26398.7,17103.38,32,37948,374256
"5/18/2016",820000,734950,766950,-85050,4.17,368,24,41,1.71,30622.92,17925.61,32,22967,244161
"5/19/2016",820000,841960,909400,21960,7.42,442,44,52,1.18,19135.45,16191.54,40,21049,270164
"5/20/2016",820000,962670,1053100,142670,8.59,496,40,58,1.45,24066.75,16597.76,40,24067,322716
"5/21/2016",2050000,1432740,1604550,-617260,10.71,944,64,89,1.39,22386.56,16098.2,48,29849,527778
"5/22/2016",2050000,1511290,1711500,-538710,11.7,992,53,90,1.7,28514.91,16792.11,48,31485,518487
"5/23/2016",820000,1020790,1237450,200790,17.51,508,30,51,1.7,34026.33,20015.49,40,25520,355372
"5/24/2016",820000,908090,973850,88090,6.75,679,45,63,1.4,20179.78,14414.13,32,28378,322424
"5/25/2016",820000,1085240,1150800,265240,5.7,732,48,64,1.33,22609.17,16956.88,32,33914,359718
"5/26/2016",820000,1097060,1231900,277060,10.95,567,38,68,1.79,28870,16133.24,48,22855,343308
"5/27/2016",820000,1325060,1382600,505060,4.16,556,37,68,1.84,35812.43,19486.18,34,38972,415582
"5/28/2016",2050000,1515610,1701550,-534390,10.93,956,67,89,1.33,22621.04,17029.33,32,47363,515090
"5/29/2016",2050000,2038700,2244200,-11300,9.16,962,74,116,1.57,27550,17575,40,50968,704396
"5/30/2016",820000,747720,854650,-72280,12.51,530,31,47,1.52,24120,15908.94,32,23366,259626
"5/31/2016",820000,1072730,1196600,252730,10.35,550,40,68,1.7,26818.25,15775.44,24,44697,375684
"6/1/2016",976190,1498360,1718250,522170,12.8,834,55,95,1.73,27242.91,15772.21,24,62432,557660
"6/2/2016",976190,1068190,1166800,92000,8.45,753,48,64,1.33,22253.96,16690.47,32,33381,366465
"6/3/2016",1464286,1103680,1254700,-360606,12.04,605,45,66,1.47,24526.22,16722.42,40,27592,380503
"6/4/2016",2440476,2238230,2502000,-202246,10.54,1250,78,140,1.79,28695.26,15987.36,48,46630,792687
"6/5/2016",1952381,2559970,2767550,607589,7.5,1233,106,149,1.41,24150.66,17181.01,52,49230,832146
"6/6/2016",976190,1198860,1292250,222670,7.23,627,37,75,2.03,32401.62,15984.8,40,29972,397011
"6/7/2016",976190,1056060,1147000,79870,7.93,1138,43,60,1.4,24559.53,17601,50,21121,358216
"6/8/2016",976190,1085080,1194150,108890,9.13,1142,52,77,1.48,20866.92,14091.95,46,23589,370229
"6/9/2016",976190,1522540,1698400,546350,10.35,1207,61,92,1.51,24959.67,16549.35,32,47579,517963
"6/10/2016",1464286,1427150,1716500,-37136,16.86,1536,62,110,1.77,23018.55,12974.09,40,35679,509665
"6/11/2016",2440476,2160360,2623350,-280116,17.65,1917,85,153,1.8,25416,14120,58,37248,822950
"6/12/2016",1952381,3262040,3910700,1309659,16.59,2350,97,206,2.12,33629.28,15835.15,66,49425,1244928
"6/13/2016",976190,1273650,1526700,297460,16.57,1312,47,86,1.83,27098.94,14809.88,44,28947,480191
"6/14/2016",976190,1545850,1847850,569660,16.34,1437,54,103,1.91,28626.85,15008.25,44,35133,565180
"6/15/2016",976190,1280870,1499850,304680,14.6,1123,45,83,1.84,28463.78,15432.17,44,29111,460374
"6/16/2016",976190,1629420,1942900,653230,16.13,1222,48,102,2.13,33946.25,15974.71,46,35422,581516
"6/17/2016",1464286,1452540,1775850,-11746,18.21,1443,58,103,1.78,25043.79,14102.33,52,27933,551481
"6/18/2016",2440476,2300020,2777500,-140456,17.19,2258,81,150,1.85,28395.31,15333.47,60,38334,861729
"6/19/2016",1952381,2142720,2630450,190339,18.54,2020,82,151,1.84,26130.73,14190.2,62,34560,789442
"6/20/2016",976190,1271920,1570300,295730,19,1271,57,94,1.65,22314.39,13531.06,46,27650,471252
"6/21/2016",976190,1188920,1444600,212730,17.7,1320,46,88,1.91,25846.09,13510.45,44,27021,446045
"6/22/2016",976190,965150,1168050,-11040,17.37,951,37,59,1.59,26085.14,16358.47,44,21935,362955
"6/23/2016",976190,1103030,1404600,126840,21.47,1179,46,68,1.48,23978.91,16221.03,48,22980,410528
"6/24/2016",1464286,743180,986200,-721106,24.64,1171,41,56,1.37,18126.34,13271.07,54,13763,311234
"6/25/2016",2440476,1660930,2127850,-779546,21.94,2253,82,123,1.5,20255.24,13503.5,68,24425,650304
"6/26/2016",1952381,2005930,2518950,53549,20.37,1971,98,141,1.44,20468.67,14226.45,60,33432,776826
"6/27/2016",976190,994270,1357450,18080,26.75,952,43,71,1.65,23122.56,14003.8,54,18412,416846
"6/28/2016",976190,1433130,1787300,456940,19.82,1283,54,94,1.74,26539.44,15246.06,50,28663,571089
"6/29/2016",976190,1339540,1798800,363350,25.53,1249,56,104,1.86,23920.36,12880.19,44,30444,510729
"6/30/2016",976190,1384970,1751450,408780,20.92,1123,65,91,1.4,21307.23,15219.45,44,31477,524304
"7/1/2016",1793478,1118450,1519550,-675028,26.4,1328,56,89,1.59,19972.32,12566.85,46,24314,471893
"7/2/2016",2989130,2365800,3358650,-623330,29.56,2672,119,207,1.74,19880.67,11428.99,62,38158,993269
"7/3/2016",2391304,2082380,3013450,-308924,30.9,2315,127,171,1.35,16396.69,12177.66,52,40046,936438
"7/4/2016",1195652,1166610,1736000,-29042,32.8,1705,70,100,1.43,16665.86,11666.1,44,26514,505317
"7/5/2016",1195652,1398400,2066550,202748,32.33,1737,58,109,1.88,24110.34,12829.36,46,30400,587854
"7/6/2016",1195652,2249630,3078750,1053978,26.93,2125,90,185,2.06,24995.89,12160.16,44,51128,921706
"7/7/2016",1195652,1101500,1508800,-94152,26.99,1035,62,84,1.35,17766.13,13113.1,44,25034,449276
"7/8/2016",1793478,1614670,2393050,-178808,32.53,1315,85,119,1.4,18996.12,13568.66,44,36697,705302
"7/9/2016",2989130,2200770,3164650,-788360,30.46,2767,120,187,1.56,18339.75,11768.82,47,46825,919405
"7/10/2016",2391304,2460350,3644500,69046,32.49,2455,116,230,1.98,21209.91,10697.17,44,55917,1101333
"7/11/2016",1195652,1503010,2280500,307358,34.09,2087,60,130,2.17,25050.17,11561.62,38,39553,655034
"7/12/2016",1195652,1473170,2178100,277518,32.36,1994,72,118,1.64,20460.69,12484.49,38,38768,651387
"7/13/2016",1195652,1290300,1857900,94648,30.55,1382,77,122,1.58,16757.14,10576.23,46,28050,548579
"7/14/2016",1195652,1572180,2769600,376528,43.23,1447,91,168,1.85,17276.7,9358.21,36,43672,760113
"7/15/2016",1793478,1824230,2929600,30752,37.73,1634,105,168,1.6,17373.62,10858.51,46,39657,860266
"7/16/2016",2989130,2389060,3984850,-600070,40.05,2587,121,223,1.84,19744.3,10713.27,44,54297,1194327
"7/17/2016",2391304,2546020,4380850,154716,41.88,2672,123,243,1.98,20699.35,10477.45,44,57864,1279401
"7/18/2016",0,212760,374750,212760,43.23,160,12,25,2.08,17730,8510.4,8,26595,112482
"7/19/2016",1195652,1343390,2282700,147738,41.15,1657,71,126,1.77,18920.99,10661.83,32,41981,666991
"7/20/2016",1195652,1251950,1917550,56298,34.71,1956,65,109,1.68,19260.77,11485.78,28,44713,568427
"7/21/2016",1195652,1523380,2460800,327728,38.09,1447,79,124,1.57,19283.29,12285.32,47,32412,669541
"7/22/2016",1793478,1492980,2589450,-300498,42.34,2189,103,151,1.47,14494.95,9887.28,40,37325,753883
"7/23/2016",2989130,2141340,3568450,-847790,39.99,2780,116,211,1.82,18459.83,10148.53,54,39654,1070803
"7/24/2016",2391304,2133300,3602850,-258004,40.79,2542,117,203,1.74,18233.33,10508.87,52,41025,1054254
"7/25/2016",1195652,1187100,1974700,-8552,39.88,2089,68,106,1.56,17457.35,11199.06,44,26980,586966
"7/26/2016",1195652,1269940,2124000,74288,40.21,1451,65,120,1.85,19537.54,10582.83,44,28862,632880
"7/27/2016",1195652,1241200,2043800,45548,39.27,1694,73,124,1.7,17002.74,10009.68,52,23869,622814
"7/28/2016",1195652,2041200,4353900,845548,53.12,2146,129,242,1.88,15823.26,8434.71,52,39254,1325136
"7/29/2016",1793478,2518790,4972150,725312,49.34,2478,147,277,1.88,17134.63,9093.1,50,50376,1468230
"7/30/2016",2989130,3236320,6571900,247190,50.76,2843,153,342,2.24,21152.42,9462.92,70,46233,1995142
"7/31/2016",2391304,3213570,6045750,822266,46.85,2774,137,305,2.23,23456.72,10536.3,68,47258,1857882
"8/1/2016",1325581,1589100,3125900,263519,49.16,2630,103,162,1.57,15428.16,9809.26,36,44142,870208
"8/2/2016",1325581,1222440,2299650,-103141,46.84,1810,77,127,1.65,15875.84,9625.51,39,31345,690944
"8/3/2016",1325581,1451970,2822000,126389,48.55,2189,83,160,1.93,17493.61,9074.81,50,29039,807508
"8/4/2016",1325581,1625440,2964400,299859,45.17,2170,99,152,1.54,16418.59,10693.68,44,36942,870576
"8/5/2016",1988372,2334920,4095300,346548,42.99,2780,150,234,1.56,15566.13,9978.29,56,41695,1212600
"8/6/2016",3313953,2746160,4809850,-567793,42.91,2870,134,263,1.96,20493.73,10441.67,64,42909,1469428
"8/7/2016",2651163,2831300,5041700,180137,43.84,3180,135,286,2.12,20972.59,9899.65,46,61550,1553661
"8/8/2016",1325581,2070900,3718700,745319,44.31,2502,107,186,1.74,19354.21,11133.87,36,57525,1086099
"8/9/2016",1325581,2136020,3457350,810439,38.22,2232,107,193,1.8,19962.8,11067.46,36,59334,1013541
"8/10/2016",1325581,1831300,3327650,505719,44.97,2350,80,187,2.34,22891.25,9793.05,28,65404,1003765
"8/11/2016",1325581,1700550,3686800,374969,53.87,1703,93,204,2.19,18285.48,8336.03,36,47238,1079862
"8/12/2016",1988372,2071900,5615850,83528,63.11,2528,166,303,1.83,12481.33,6837.95,44,47089,1666529
"8/13/2016",3313953,2805650,7512000,-508303,62.65,2853,203,414,2.04,13820.94,6776.93,48,58451,2247502
"8/14/2016",2651163,3268250,7857550,617087,58.41,3007,171,409,2.39,19112.57,7990.83,48,68089,2278530
"8/15/2016",1325581,2327230,5334705,1001649,56.38,2054,123,261,2.12,18920.57,8916.59,38,61243,1495420
"8/16/2016",1325581,1424290,3291235,98709,56.72,2077,112,169,1.51,12716.88,8427.75,36,39564,896374
"8/17/2016",1325581,2327760,4278800,1002179,45.6,2348,126,224,1.78,18474.29,10391.79,36,64660,1230590
"8/18/2016",1325581,1813970,3346450,488389,45.79,2116,88,171,1.94,20613.3,10608.01,44,41227,981548
"8/19/2016",1988372,2049020,4045330,60648,49.35,2370,107,209,1.95,19149.72,9803.92,58,35328,1187826
"8/20/2016",3313953,2436580,6685870,-877373,63.56,2917,177,338,1.91,13765.99,7208.82,61,39944,1829557
"8/21/2016",2651163,2698760,6143900,47597,56.07,3388,176,308,1.75,15333.86,8762.21,72,37483,1579985
"8/22/2016",1325581,1739970,3399299,414389,48.81,2425,93,182,1.96,18709.35,9560.27,48,36249,980217
"8/23/2016",1325581,2265580,3872250,939999,41.49,2376,89,201,2.26,25455.96,11271.54,64,35400,1131228
"8/24/2016",1325581,1748670,2839750,423089,38.42,2278,112,145,1.29,15613.13,12059.79,56,31226,782742
"8/25/2016",1325581,1801540,3303300,475959,45.46,2218,92,154,1.67,19581.96,11698.31,54,33362,921627
"8/26/2016",1988372,2044800,4145700,56428,50.68,2607,108,192,1.78,18933.33,10650,58,35255,1154514
"8/27/2016",3313953,2605920,5227600,-708033,50.15,3472,147,248,1.69,17727.35,10507.74,74,35215,1459962
"8/28/2016",1988372,2584080,5136850,595708,49.7,2660,121,223,1.84,21356.03,11587.8,74,34920,1329848
"8/29/2016",1325581,1629730,2420830,304149,32.68,2209,85,140,1.65,19173.29,11640.93,46,35429,696792
"8/30/2016",1988372,2358990,3958900,370618,40.41,2828,111,218,1.96,21252.16,10821.06,46,51282,1151296
"8/31/2016",1325581,1625670,2407850,300089,32.48,1415,78,143,1.83,20841.92,11368.32,40,40642,731215
"9/1/2016",1325000,1277870,1705650,-47130,25.08,993,54,85,1.57,23664.26,15033.76,53,24111,502822
"9/2/2016",1987500,1474340,2303750,-513160,36,1243,65,117,1.8,22682.15,12601.2,58,25420,630977
"9/3/2016",2782500,1921860,2863900,-860640,32.89,1555,74,134,1.81,25971.08,14342.24,72,26693,792763
"9/4/2016",2650000,1730420,2613800,-919580,33.8,1832,80,122,1.53,21630.25,14183.77,72,24034,718723
"9/5/2016",1325000,620800,603900,-704200,-2.8,993,29,40,1.38,21406.9,15520,58,10703,189632
"9/6/2016",1325000,948880,942100,-376120,-0.72,1230,38,58,1.53,24970.53,16360,38,24971,291601
"9/7/2016",1325000,936170,941550,-388830,0.57,1256,31,49,1.58,30199.03,19105.51,46,20352,278297
"9/8/2016",1325000,1229880,1209250,-95120,-1.71,1221,55,75,1.36,22361.45,16398.4,54,22776,380963
"9/9/2016",1722500,1282290,1339000,-440210,4.24,1246,50,78,1.56,25645.8,16439.62,58,22108,405641
"9/10/2016",2650000,1862740,1867200,-787260,0.24,1777,82,114,1.39,22716.34,16339.82,66,28223,560320
"9/11/2016",2650000,1972170,2064700,-677830,4.48,2017,83,122,1.47,23761.08,16165.33,72,27391,634377
"9/12/2016",1987500,1856290,1898300,-131210,2.21,1783,64,114,1.78,29004.53,16283.25,50,37126,578766
"9/13/2016",1325000,788200,799950,-536800,1.47,722,31,39,1.26,25425.81,20210.26,42,18767,237411
"9/14/2016",1325000,1284830,1331300,-40170,3.49,1015,41,68,1.66,31337.32,18894.56,49,26221,408829
"9/15/2016",1325000,945400,967200,-379600,2.25,1085,34,56,1.65,27805.88,16882.14,50,18908,288768
"9/16/2016",1722500,1358300,1406400,-364200,3.42,845,51,72,1.41,26633.33,18865.28,58,23419,428972
"9/17/2016",2650000,2302240,2332550,-347760,1.3,2104,86,127,1.48,26770.23,18127.87,74,31111,713757
"9/18/2016",2650000,2198450,2270500,-451550,3.17,1828,82,128,1.56,26810.37,17175.39,80,27481,712738
"9/19/2016",1325000,985420,1012900,-339580,2.71,747,27,62,2.3,36497.04,15893.87,54,18249,310146
"9/20/2016",1325000,559260,580150,-765740,3.6,567,20,35,1.75,27963,15978.86,48,11651,182198
"9/21/2016",1325000,1254800,1260800,-70200,0.48,996,46,64,1.39,27278.26,19606.25,46,27278,383190
"9/22/2016",1325000,1423560,1441900,98560,1.27,925,54,82,1.52,26362.22,17360.49,56,25421,437346
"9/23/2016",1722500,1397510,1450850,-324990,3.68,1159,39,81,2.08,35833.59,17253.21,58,24095,455410
"9/24/2016",2650000,2910590,3367450,260590,13.57,2251,97,179,1.85,30006.08,16260.28,74,39332,1058281
"9/25/2016",2650000,3113280,3612300,463280,13.81,2406,115,212,1.84,27072,14685.28,70,44475,1108591
"9/26/2016",1325000,590970,593650,-734030,0.45,776,23,27,1.17,25694.35,21887.78,54,10944,185591
"9/27/2016",1325000,1189240,1229150,-135760,3.25,1153,31,71,2.29,38362.58,16749.86,48,24776,384757
"9/28/2016",1325000,1183400,1212600,-141600,2.41,994,35,68,1.94,33811.43,17402.94,40,29585,377966
"9/29/2016",1325000,1332580,1341600,7580,0.67,1121,51,68,1.33,26129.02,19596.76,53,25143,428074
"9/30/2016",1325000,1560470,1582150,235470,1.37,1373,47,77,1.64,33201.49,20265.84,58,26905,491431
"10/1/2016",2967033,2813670,3036850,-153363,7.35,2402,82,159,1.94,34313.05,17696.04,64,43964,956347
"10/2/2016",2373626,2545070,2699100,171444,5.71,2139,75,150,2,33934.27,16967.13,74,34393,845010
"10/3/2016",1186813,1172060,1258750,-14753,6.89,1008,36,63,1.75,32557.22,18604.13,50,23441,399884
"10/4/2016",1186813,1331630,1405500,144817,5.26,957,38,82,2.16,35042.89,16239.39,43,30968,434957
"10/5/2016",1186813,1072890,1124850,-113923,4.62,1012,38,71,1.87,28233.95,15111.13,46,23324,363052
"10/6/2016",1186813,1566730,1633400,379917,4.08,1035,46,88,1.91,34059.35,17803.75,55,28486,521093
"10/7/2016",1780220,1675800,1801850,-104420,7,1477,45,83,1.84,37240,20190.36,50,33516,581270
"10/8/2016",2967033,3719970,3851650,752937,3.42,3090,114,187,1.64,32631.32,19892.89,66,56363,1223018
"10/9/2016",2373626,3610360,3784250,1236734,4.6,2903,92,175,1.9,39243.04,20630.63,74,48789,1214812
"10/10/2016",1186813,1146570,1163650,-40243,1.47,1109,37,65,1.76,30988.38,17639.54,56,20474,367687
"10/11/2016",1186813,1145800,1268150,-41013,9.65,883,36,57,1.58,31827.78,20101.75,52,22035,414360
"10/12/2016",1186813,1334210,1441950,147397,7.47,1024,41,79,1.93,32541.71,16888.73,42,31767,445060
"10/13/2016",1186813,1796660,1881300,609847,4.5,1327,44,94,2.14,40833.18,19113.4,60,29944,594664
"10/14/2016",1780220,1957650,2082750,177430,6.01,1054,51,85,1.67,38385.29,23031.18,52,37647,677417
"10/15/2016",2967033,3375830,3550100,408797,4.91,2033,91,174,1.91,37097.03,19401.32,74,45619,1144334
"10/16/2016",2373626,3065420,3221250,691794,4.84,2708,94,169,1.8,32610.85,18138.58,82,37383,1034139
"10/17/2016",1186813,1363400,1421400,176587,4.08,1254,41,72,1.76,33253.66,18936.11,54,25248,457282
"10/18/2016",1186813,1090760,1111250,-96053,1.84,914,30,55,1.83,36358.67,19832,46,23712,352626
"10/19/2016",1186813,1281490,1397400,94677,8.29,1066,45,72,1.6,28477.56,17798.47,46,27858,445961
"10/20/2016",1186813,1517770,1577900,330957,3.81,1154,48,82,1.71,31620.21,18509.39,52,29188,499599
"10/21/2016",2e+06,1074320,1108000,-925680,3.04,834,44,60,1.36,24416.36,17905.33,54,19895,352483
"10/22/2016",3100000,2804930,2923000,-295070,4.04,1916,77,152,1.97,36427.66,18453.49,74,37904,936179
"10/23/2016",3e+06,2583650,2663250,-416350,2.99,1760,70,115,1.64,36909.29,22466.52,78,33124,869879
"10/24/2016",1600000,1620330,1692200,20330,4.25,1336,42,76,1.81,38579.29,21320.13,54,30006,545693
"10/25/2016",1600000,1341690,1386750,-258310,3.25,1134,30,65,2.17,44723,20641.38,54,24846,441507
"10/26/2016",1600000,966900,1004350,-633100,3.73,877,28,51,1.82,34532.14,18958.82,46,21020,317122
"10/27/2016",1600000,1653640,1730450,53640,4.44,1016,55,89,1.62,30066.18,18580.22,60,27561,563608
"10/28/2016",2e+06,1289700,1315100,-710300,1.93,885,44,74,1.68,29311.36,17428.38,52,24802,424340
"10/29/2016",3100000,3155970,3268100,55970,3.43,2153,85,158,1.86,37129.06,19974.49,74,42648,1065914
"10/30/2016",3e+06,2822180,2978050,-177820,5.23,2304,69,135,1.96,40901.16,20905.04,82,34417,959356
"10/31/2016",1600000,1202310,1244150,-397690,3.36,993,31,57,1.84,38784.19,21093.16,52,23121,390497
"11/1/2016",1309524,1584640,1656650,275116,4.35,1163,45,87,1.93,35214.22,18214.25,50,31693,519788
"11/2/2016",1309524,1102460,1186850,-207064,7.11,1012,33,63,1.91,33407.88,17499.37,47,23457,382601
"11/3/2016",1309524,1033560,1106750,-275964,6.61,1048,39,65,1.67,26501.54,15900.92,48,21533,361248
"11/4/2016",1964286,1481760,1907550,-482526,22.32,1255,62,89,1.44,23899.35,16648.99,52,28495,612241
"11/5/2016",3273810,2487210,3382800,-786600,26.47,2109,82,164,2,30331.83,15165.91,54,46059,1042224
"11/6/2016",2619048,2425430,3009200,-193618,19.4,2262,87,150,1.72,27878.51,16169.53,70,34649,952414
"11/7/2016",1309524,1041170,1268700,-268354,17.93,916,37,65,1.76,28139.73,16018,52,20023,413878
"11/8/2016",1309524,675800,854950,-633724,20.95,756,25,41,1.64,27032,16482.93,52,12996,258834
"11/9/2016",1309524,1035780,1545430,-273744,32.98,908,42,64,1.52,24661.43,16184.06,40,25895,455472
"11/10/2016",1309524,1184210,1422380,-125314,16.74,810,40,67,1.68,29605.25,17674.78,35,33835,450734
"11/11/2016",1964286,1038580,1273000,-925706,18.41,614,44,76,1.73,23604.09,13665.53,52,19973,401545
"11/12/2016",3273810,2040560,2357200,-1233250,13.43,1695,59,112,1.9,34585.76,18219.29,60,34009,749345
"11/13/2016",2619048,2186860,2644200,-432188,17.3,1761,70,136,1.94,31240.86,16079.85,62,35272,823477
"11/14/2016",1309524,1234360,1392200,-75164,11.34,1138,39,74,1.9,31650.26,16680.54,42,29390,446711
"11/15/2016",1309524,892090,1109750,-417434,19.61,1124,32,61,1.91,27877.81,14624.43,42,21240,341783
"11/16/2016",1309524,1663900,1882450,354376,11.61,1216,54,91,1.69,30812.96,18284.62,42,39617,585204
"11/17/2016",1309524,1392490,1756400,82966,20.72,1007,39,72,1.85,35704.87,19340.14,38,36644,510681
"11/18/2016",1964286,1342280,1581550,-622006,15.13,1133,36,69,1.92,37285.56,19453.33,52,25813,490945
"11/19/2016",3273810,2499360,2977200,-774450,16.05,1686,70,136,1.94,35705.14,18377.65,56,44631,919711
"11/20/2016",2619048,1896240,2140850,-722808,11.43,1859,60,101,1.68,31604,18774.65,60,31604,652701
"11/21/2016",1309524,1032790,1322950,-276734,21.93,945,35,59,1.69,29508.29,17504.92,50,20656,382804
"11/22/2016",1309524,759580,846050,-549944,10.22,902,27,39,1.44,28132.59,19476.41,52,14607,279903
"11/23/2016",1309524,1106400,1268900,-203124,12.81,996,37,58,1.57,29902.7,19075.86,50,22128,393727
"11/24/2016",1309524,1117210,1373500,-192314,18.66,1104,46,68,1.48,24287.17,16429.56,48,23275,430965
"11/25/2016",1964286,1065900,1416300,-898386,24.74,1080,34,96,2.82,31350,11103.13,60,17765,441463
"11/26/2016",3273810,2178050,2801050,-1095760,22.24,1582,66,169,2.56,33000.76,12887.87,70,31115,910714
"11/27/2016",2619048,1781370,2205850,-837678,19.24,1539,57,119,2.09,31252.11,14969.5,64,27834,710157
"11/28/2016",1309524,554530,693700,-754994,20.06,864,22,40,1.82,25205.91,13863.25,52,10664,222395
"11/29/2016",1309524,794450,1016450,-515074,21.84,785,26,65,2.5,30555.77,12222.31,42,18915,327465
"11/30/2016",1309524,789600,922250,-519924,14.38,725,30,53,1.77,26320,14898.11,46,17165,293914
"12/1/2016",1670306,1619930,2021750,-50376,19.87,1453,59,119,2.02,27456.44,13612.86,58,27930,641758
"12/2/2016",1224891,624120,720050,-600771,13.32,772,24,39,1.63,26005,16003.08,52,12002,232545
"12/3/2016",2449782,1751630,2179750,-698152,19.64,1407,57,125,2.19,30730.35,14013.04,76,23048,1563955
"12/4/2016",2449782,1916310,2432200,-533472,21.21,1389,57,136,2.39,33619.47,14090.51,72,26615,773756
"12/5/2016",1169214,648350,759900,-520864,14.68,834,27,42,1.56,24012.96,15436.9,50,12967,244433
"12/6/2016",1169214,603610,707950,-565604,14.74,641,29,41,1.41,20814.14,14722.2,40,15090,233236
"12/7/2016",1169214,910320,1093450,-258894,16.75,729,42,71,1.69,21674.29,12821.41,42,21674,341201
"12/8/2016",1169214,739210,900200,-430004,17.88,724,32,56,1.75,23100.31,13200.18,46,16070,280983
"12/9/2016",1558952,1091350,1354450,-467602,19.42,985,41,71,1.73,26618.29,15371.13,48,22736,426667
"12/10/2016",2449782,1468810,1803450,-980972,18.56,1364,63,111,1.76,23314.44,13232.52,65,22597,576654
"12/11/2016",2449782,1556170,1898950,-893612,18.05,1496,59,101,1.71,26375.76,15407.62,68,22885,602934
"12/12/2016",1169214,780040,956350,-389174,18.44,763,28,53,1.89,27858.57,14717.74,50,15601,301288
"12/13/2016",1169214,1285810,1547950,116596,16.93,992,37,81,2.19,34751.62,15874.2,48,26788,493213
"12/14/2016",1169214,694470,848300,-474744,18.13,886,37,54,1.46,18769.46,12860.56,42,16535,275461
"12/15/2016",1558952,1051990,1300550,-506962,19.11,1043,40,69,1.73,26299.75,15246.23,48,21916,416431
"12/16/2016",2449782,2398520,2844900,-51262,15.69,2290,83,162,1.95,28897.83,14805.68,62,38686,936699
"12/17/2016",2449782,1686160,2058450,-763622,18.09,1746,71,131,1.85,23748.73,12871.45,68,24796,659369
"12/18/2016",2004367,2102810,2622900,98443,19.83,2104,72,142,1.97,29205.69,14808.52,72,29206,849545
"12/19/2016",1447598,1744580,2211900,296982,21.13,1621,66,122,1.85,26433.03,14299.84,60,29076,717535
"12/20/2016",1169214,697860,833450,-471354,16.27,649,25,51,2.04,27914.4,13683.53,44,15860,270108
"12/21/2016",1169214,637770,787700,-531444,19.03,896,25,46,1.84,25510.8,13864.57,56,11389,258352
"12/22/2016",1169214,1023300,1258250,-145914,18.67,1273,44,75,1.7,23256.82,13644,52,19679,403675
"12/23/2016",1558952,1114240,1400400,-444712,20.43,1188,39,72,1.85,28570.26,15475.56,56,19897,455094
"12/24/2016",2449782,2049610,2658950,-400172,22.92,1993,73,141,1.93,28076.85,14536.24,76,26969,858067
"12/25/2016",2449782,1968630,2504950,-481152,21.41,2317,74,141,1.91,26603.11,13961.91,76,25903,822713
"12/26/2016",1169214,1413880,1816400,244666,22.16,1503,53,92,1.74,26676.98,15368.26,58,24377,463296
"12/27/2016",1169214,1131260,1490550,-37954,24.1,1267,42,89,2.12,26934.76,12710.79,52,21755,480356
"12/28/2016",1169214,1532210,2031350,362996,24.57,1813,71,113,1.59,21580.42,13559.38,48,31921,642216
"12/29/2016",1169214,1995300,2641750,826086,24.47,2094,122,165,1.35,16354.92,12092.73,52,38371,848154
"12/30/2016",1558952,2847240,3859000,1288288,26.22,2789,129,220,1.71,22071.63,12942,66,43140,1221086
"12/31/2016",2449782,2121700,2827850,-328082,24.97,1895,102,163,1.6,20800.98,13016.56,55,38576,922246
"1/1/2017",1493213,872790,1174600,-620423,25.69,1116,45,68,1.51,19395.33,12835.15,40,21820,386081
"1/2/2017",1866516,2212550,2932130,346034,24.54,2356,96,154,1.6,23047.4,14367.21,58,38147,918385
"1/3/2017",1866516,1557950,2292690,-308566,32.05,1602,74,116,1.57,21053.38,13430.6,48,32457,672328
"1/4/2017",1244344,814870,1247250,-429474,34.67,1054,40,55,1.38,20371.75,14815.82,44,18520,404441
"1/5/2017",1244344,1178820,1576600,-65524,25.23,1283,60,88,1.47,19647,13395.68,48,24559,502074
"1/6/2017",1866516,1097870,1649150,-768646,33.43,1261,48,97,2.02,22872.29,11318.25,60,18298,531171
"1/7/2017",3110860,2356510,3444080,-754350,31.58,1791,83,175,2.11,28391.69,13465.77,78,30212,1108824
"1/8/2017",2488688,2385250,3457950,-103438,31.02,2052,90,181,2.01,26502.78,13178.18,78,30580,1122422
"1/9/2017",1244344,796090,1026900,-448254,22.48,813,44,62,1.41,18092.95,12840.16,50,15922,332882
"1/10/2017",1244344,835760,1484600,-408584,43.7,823,45,88,1.96,18572.44,9497.27,50,16715,453676
"1/11/2017",1244344,1178750,1859147,-65594,36.6,1045,67,103,1.54,17593.28,11444.17,44,26790,594721
"1/12/2017",1244344,773200,1325250,-471144,41.66,853,51,75,1.47,15160.78,10309.33,47,16451,428604
"1/13/2017",1866516,1370040,2598557,-496476,47.28,1121,56,136,2.43,24465,10073.82,62,22097,802412
"1/14/2017",3110860,2146320,4329814,-964540,50.43,2220,118,238,2.02,18189.15,9018.15,62,34618,1394026
"1/15/2017",2488688,1621950,2950350,-866738,45.03,1583,83,165,1.99,19541.57,9830,76,21341,955658
"1/16/2017",1e+06,561430,1047650,-438570,46.41,1039,35,61,1.74,16040.86,9203.77,50,11229,339650
"1/17/2017",1e+06,772760,1328634,-227240,41.84,799,43,75,1.74,17971.16,10303.47,48,16099,420243
"1/18/2017",1e+06,989190,1729620,-10810,42.81,1086,54,95,1.76,18318.33,10412.53,50,19784,548951
"1/19/2017",1e+06,1117000,2100657,117000,46.83,1221,65,104,1.6,17184.62,10740.38,48,23271,674079
"1/20/2017",1e+06,830210,1428400,-169790,41.88,1023,47,82,1.74,17664.04,10124.51,60,13837,458480
"1/21/2017",2e+06,1789310,3205127,-210690,44.17,2235,86,168,1.95,20805.93,10650.65,76,23544,1030807
"1/22/2017",2e+06,2304780,4123950,304780,44.11,2384,117,195,1.67,19698.97,11819.38,70,32925,1305411
"1/23/2017",8e+05,629320,1127850,-170680,44.2,884,36,63,1.75,17481.11,9989.21,50,12586,369345
"1/24/2017",1e+06,635880,1149350,-364120,44.67,841,35,67,1.91,18168,9490.75,48,13248,375259
"1/25/2017",1e+06,1002100,1808700,2100,44.6,1028,46,86,1.87,21784.78,11652.33,42,23860,570572
"1/26/2017",1e+06,1948940,4861750,948940,59.91,1405,104,239,2.3,18739.81,8154.56,46,42368,1549510
"1/27/2017",1e+06,1568760,3784500,568760,58.55,1249,89,190,2.13,17626.52,8256.63,50,31375,1200748
"1/28/2017",2e+06,2595430,6223750,595430,58.3,2569,142,305,2.15,18277.68,8509.61,66,39325,1995190
"1/29/2017",2e+06,2699620,7049600,699620,61.71,2449,169,322,1.91,15974.08,8383.91,70,38566,2089318
"1/30/2017",8e+05,1269550,4472150,469550,71.61,1416,92,181,1.97,13799.46,7014.09,52,24414,1170045
"1/31/2017",8e+05,1178020,3450050,378020,65.85,965,75,189,2.52,15706.93,6232.91,50,23560,997094
"2/1/2017",1276543,1051310,3039850,-225233,65.42,1304,72,149,2.07,14601.53,7055.77,42,25031,856809
"2/2/2017",1276543,1451270,3738100,174727,61.18,1540,78,170,2.18,18606.03,8536.88,48,30235,1070544
"2/3/2017",1624691,1004530,2794600,-620161,64.05,1081,72,158,2.19,13951.81,6357.78,54,18602,839532
"2/4/2017",2553086,2080920,5922750,-472166,64.87,2165,138,273,1.98,15079.13,7622.42,61,34113,1664507
"2/5/2017",2553086,1977160,5274750,-575926,62.52,1746,125,258,2.06,15817.28,7663.41,62,31890,1488880
"2/6/2017",1276543,840740,2089200,-435803,59.76,850,57,116,2.04,14749.82,7247.76,50,16815,618774
"2/7/2017",1276543,660790,1836250,-615753,64.01,767,51,88,1.73,12956.67,7508.98,50,13216,551781
"2/8/2017",1276543,847850,2270450,-428693,62.66,1166,59,111,1.88,14370.34,7638.29,49,17303,636840
"2/9/2017",1276543,605290,1865950,-671253,67.56,1089,59,107,1.81,10259.15,5656.92,32,18915,532168
"2/10/2017",1624691,1020940,3471100,-603751,70.59,1313,82,194,2.37,12450.49,5262.58,40,25524,1058878
"2/11/2017",2553086,1839310,6224100,-713776,70.45,2313,147,361,2.46,12512.31,5095.04,62,29666,1870761
"2/12/2017",2553086,1789760,5844800,-763326,69.38,2104,148,318,2.15,12092.97,5628.18,68,26320,1663646
"2/13/2017",1218519,759360,2312150,-459159,67.16,892,69,136,1.97,11005.22,5583.53,50,15187,679076
"2/14/2017",1218519,659820,2037880,-558699,67.62,786,57,99,1.74,11575.79,6664.85,48,13746,587444
"2/15/2017",1276543,573770,1473100,-702773,61.05,874,60,95,1.58,9562.83,6039.68,50,11475,420558
"2/16/2017",1276543,706070,2368100,-570473,70.18,1081,74,138,1.86,9541.49,5116.45,48,14710,683374
"2/17/2017",1624691,542530,1417500,-1082161,61.73,930,62,90,1.45,8750.48,6028.11,50,10851,430630
"2/18/2017",2553086,1360110,3494200,-1192976,61.08,1768,94,197,2.1,14469.26,6904.11,62,21937,990880
"2/19/2017",2553086,1058730,2681750,-1494356,60.52,1513,77,159,2.06,13749.74,6658.68,70,15125,755641
"2/20/2017",1218519,575150,1409429,-643369,59.19,869,44,75,1.7,13071.59,7668.67,50,11503,438116
"2/21/2017",1218519,428140,841600,-790379,49.13,736,32,48,1.5,13379.38,8919.58,48,8920,243869
"2/22/2017",1218519,568880,1398100,-649639,59.31,839,44,78,1.77,12929.09,7293.33,50,11378,377610
"2/23/2017",1276543,593020,1524050,-683523,61.09,809,48,79,1.65,12354.58,7506.58,48,12355,413056
"2/24/2017",1624691,522610,987400,-1102081,47.07,881,40,62,1.55,13065.25,8429.19,50,10452,284434
"2/25/2017",2553086,1226980,2876980,-1326106,57.35,1404,71,137,1.93,17281.41,8956.06,66,18591,771144
"2/26/2017",2553086,1397940,3099800,-1155146,54.9,2101,81,154,1.9,17258.52,9077.53,70,19971,813232
"2/27/2017",1276543,424870,1072540,-851673,60.39,552,31,58,1.87,13705.48,7325.34,49,8671,303376
"2/28/2017",1218519,625490,1658260,-593029,62.28,703,42,76,1.81,14892.62,8230.13,38,16460,442589
"3/1/2017",9e+05,495550,1214550,-404450,59.2,681,36,69,1.92,13765.28,7181.88,40,12389,339592
"3/2/2017",9e+05,986220,3998450,86220,75.33,659,79,171,2.16,12483.8,5767.37,40,24656,992974
"3/3/2017",1400000,1158640,3535900,-241360,67.23,1335,65,162,2.49,17825.23,7152.1,38,30491,938942
"3/4/2017",2200000,1551610,4434910,-648390,65.01,1753,107,211,1.97,14501.03,7353.6,56,27707,1171721
"3/5/2017",2200000,1660190,4035250,-539810,58.86,1901,109,215,1.97,15231.1,7721.81,56,29646,1032048
"3/6/2017",1400000,738060,892850,-661940,17.34,779,28,43,1.54,26359.29,17164.19,38,19423,202413
"3/7/2017",1600000,1071740,1186750,-528260,9.69,1020,50,65,1.3,21434.8,16488.31,38,28204,268373
"3/8/2017",2500000,1735620,1777950,-764380,2.38,1050,77,101,1.31,22540.52,17184.36,40,43391,401923
"3/9/2017",1200000,678450,697950,-521550,2.79,771,31,41,1.32,21885.48,16547.56,38,17854,154086
"3/10/2017",1200000,484890,489650,-715110,0.97,560,22,27,1.23,22040.45,17958.89,26,18650,107164
"3/11/2017",1800000,1261070,1281350,-538930,1.58,1219,43,73,1.7,29327.21,17274.93,59,21374,290433
"3/12/2017",1800000,1804060,1882580,4060,4.17,1596,62,109,1.76,29097.74,16551.01,62,29098,408506
"3/13/2017",1100000,448630,465650,-651370,3.66,627,23,27,1.17,19505.65,16615.93,32,14020,85580
"3/14/2017",1100000,718360,720050,-381640,0.23,605,23,39,1.7,31233.04,18419.49,34,21128,139474
"3/15/2017",1100000,852530,895200,-247470,4.77,839,33,56,1.7,25834.24,15223.75,30,28418,170049
"3/16/2017",1100000,465590,490300,-634410,5.04,650,27,34,1.26,17244.07,13693.82,36,12933,105976
"3/17/2017",1100000,806350,806350,-293650,0,772,35,53,1.51,23038.57,15214.15,38,21220,166082
"3/18/2017",1600000,1105800,1181100,-494200,6.38,979,39,58,1.49,28353.85,19065.52,64,17278,217138
"3/19/2017",1900000,1861060,1982700,-38940,6.14,1707,75,106,1.41,24814.13,17557.17,56,33233,369079
"3/20/2017",2e+06,1420830,1560450,-579170,8.95,1372,60,91,1.52,23680.5,15613.52,42,33829,312685
"3/21/2017",1800000,1353540,1460250,-446460,7.31,1068,50,75,1.5,27070.8,18047.2,50,27071,303709
"3/22/2017",1500000,1295220,1416200,-204780,8.54,1259,45,76,1.69,28782.67,17042.37,50,25904,257679
"3/23/2017",1300000,1548680,1739230,248680,10.96,1654,56,96,1.71,27655,16132.08,38,40755,337674
"3/24/2017",1200000,1239240,1367050,39240,9.35,952,43,79,1.84,28819.53,15686.58,46,26940,235909
"3/25/2017",1800000,1439820,1613700,-360180,10.78,1358,54,86,1.59,26663.33,16742.09,36,39995,336763
"3/26/2017",1800000,1335200,1512550,-464800,11.73,980,57,89,1.56,23424.56,15002.25,58,23021,306975
"3/27/2017",1100000,406680,443970,-693320,8.4,501,14,24,1.71,29048.57,16945,42,9683,79367
"3/28/2017",1100000,537900,589250,-562100,8.71,640,24,35,1.46,22412.5,15368.57,38,14155,125160
"3/29/2017",1100000,728510,773750,-371490,5.85,615,28,45,1.61,26018.21,16189.11,48,15177,149923
"3/30/2017",1100000,710020,754830,-389980,5.94,589,34,44,1.29,20882.94,16136.82,46,15435,142777
"3/31/2017",1100000,483710,545350,-616290,11.3,513,26,33,1.27,18604.23,14657.88,49,9872,96121
"4/1/2017",1850000,1371360,1675860,-478640,18.17,1134,67,104,1.55,20468.06,13186.15,70,19591,333206
"4/2/2017",1850000,1351430,1666830,-498570,18.92,1435,65,104,1.6,20791.23,12994.52,74,18263,328113
"4/3/2017",925000,716770,852650,-208230,15.94,553,27,47,1.74,26547.04,15250.43,50,14335,167514
"4/4/2017",925000,332650,399700,-592350,16.78,542,21,26,1.24,15840.48,12794.23,50,6653,76040
"4/5/2017",925000,647560,791580,-277440,18.19,660,32,49,1.53,20236.25,13215.51,54,11992,166815
"4/6/2017",925000,585450,736950,-339550,20.56,435,24,41,1.71,24393.75,14279.27,38,15407,143568
"4/7/2017",925000,751950,952250,-173050,21.03,643,30,55,1.83,25065,13671.82,54,13925,202142
"4/8/2017",1850000,1550060,1937350,-299940,19.99,1336,69,113,1.64,22464.64,13717.35,79,19621,372081
"4/9/2017",1850000,1465970,1810800,-384030,19.04,1320,56,104,1.86,26178.04,14095.87,84,17452,337219
"4/10/2017",925000,389270,452700,-535730,14.01,627,24,26,1.08,16219.58,14971.92,54,7209,72959
"4/11/2017",925000,631660,790400,-293340,20.08,566,33,52,1.58,19141.21,12147.31,46,13732,156071
"4/12/2017",925000,582450,709750,-342550,17.94,453,31,45,1.45,18788.71,12943.33,52,11201,140881
"4/13/2017",925000,587180,794900,-337820,26.13,416,27,42,1.56,21747.41,13980.48,52,11292,157908
"4/14/2017",925000,1011010,1173250,86010,13.83,815,44,75,1.7,22977.5,13480.13,52,19443,239350
"4/15/2017",1850000,1721020,1923500,-128980,10.53,1219,71,130,1.83,24239.72,13238.62,68,25309,457774
"4/16/2017",1850000,1883020,2040650,33020,7.72,1524,70,147,2.1,26900.29,12809.66,58,32466,472461
"4/17/2017",925000,591810,663800,-333190,10.85,606,27,44,1.63,21918.89,13450.23,42,14091,152979
"4/18/2017",925000,594490,628850,-330510,5.46,591,32,43,1.34,18577.81,13825.35,54,11009,171646
"4/19/2017",925000,1193790,1321350,268790,9.65,847,56,93,1.66,21317.68,12836.45,49,24363,314217
"4/20/2017",925000,1356770,1438550,431770,5.68,908,59,109,1.85,22996.1,12447.43,48,28266,380127
"4/21/2017",925000,813790,845000,-111210,3.69,639,35,60,1.71,23251.14,13563.17,50,16276,226190
"4/22/2017",1850000,1897650,2063200,47650,8.02,1246,85,156,1.84,22325.29,12164.42,62,30607,523792
"4/23/2017",1850000,1867100,2046150,17100,8.75,1305,75,157,2.09,24894.67,11892.36,54,34576,509924
"4/24/2017",925000,1201680,1255050,276680,4.25,816,52,99,1.9,23109.23,12138.18,42,28611,322282
"4/25/2017",925000,930250,976450,5250,4.73,694,39,71,1.82,23852.56,13102.11,40,23256,252563
"4/26/2017",925000,968150,1032850,43150,6.26,606,55,83,1.51,17602.73,11664.46,38,25478,257597
"4/27/2017",925000,945040,1051150,20040,10.09,695,44,77,1.75,21478.18,12273.25,42,22501,255456
"4/28/2017",925000,698050,779900,-226950,10.49,559,36,62,1.72,19390.28,11258.87,44,15865,203145
"4/29/2017",1850000,2109360,2424050,259360,12.98,1510,88,179,2.03,23970,11784.13,58,36368,618174
"4/30/2017",1850000,2112970,2445150,262970,13.59,1557,87,177,2.03,24287.01,11937.68,68,31073,595303
"5/1/2017",1700000,1522930,1737500,-177070,12.35,1261,130,72,0.55,11714.85,21151.81,64,23796,446039
"5/2/2017",1e+06,685430,800100,-314570,14.33,678,40,58,1.45,17135.75,11817.76,50,13709,201959
"5/3/2017",1e+06,764670,923650,-235330,17.21,564,46,67,1.46,16623.26,11412.99,49,15606,233402
"5/4/2017",1e+06,1351980,1560450,351980,13.36,743,61,111,1.82,22163.61,12180,62,21806,381911
"5/5/2017",1e+06,1067990,1271550,67990,16.01,1163,49,89,1.82,21795.71,11999.89,48,22250,305465
"5/6/2017",2200000,2111370,2502350,-88630,15.62,1683,103,173,1.68,20498.74,12204.45,66,31990,642500
"5/7/2017",2200000,2422450,2682850,222450,9.71,1686,107,203,1.9,22639.72,11933.25,68,35624,703656
"5/8/2017",1700000,1917540,2296050,217540,16.49,1743,97,159,1.64,19768.45,12060,68,28199,514271
"5/9/2017",1700000,1601170,1923200,-98830,16.74,1136,80,136,1.7,20014.63,11773.31,68,23547,437244
"5/10/2017",1e+06,783140,904000,-216860,13.37,438,38,60,1.58,20608.95,13052.33,50,15663,218684
"5/11/2017",1e+06,729920,878000,-270080,16.87,358,37,60,1.62,19727.57,12165.33,49,14896,205904
"5/12/2017",1e+06,984850,1129500,-15150,12.81,787,54,90,1.67,18237.96,10942.78,48,20518,277827
"5/13/2017",2200000,1560110,1856700,-639890,15.97,1583,82,126,1.54,19025.73,12381.83,72,21668,439763
"5/14/2017",2200000,1580270,1797900,-619730,12.1,1482,81,142,1.75,19509.51,11128.66,68,23239,430995
"5/15/2017",1e+06,1572190,1822900,572190,13.75,1200,60,122,2.03,26203.17,12886.8,48,32754,451138
"5/16/2017",1e+06,836540,977200,-163460,14.39,629,40,76,1.9,20913.5,11007.11,48,17428,227244
"5/17/2017",1e+06,912540,1034650,-87460,11.8,997,48,67,1.4,19011.25,13620,52,17549,225691
"5/18/2017",1e+06,775470,870450,-224530,10.91,853,45,71,1.58,17232.67,10922.11,60,12925,231975
"5/19/2017",1e+06,1122190,1256650,122190,10.7,1274,44,87,1.98,25504.32,12898.74,60,18703,342617
"5/20/2017",2100000,1248710,1425050,-851290,12.37,1286,62,99,1.6,20140.48,12613.23,86,14520,358973
"5/21/2017",2100000,1753350,2098950,-346650,16.47,1291,89,161,1.81,19700.56,10890.37,80,21917,540889
"5/22/2017",1e+06,866860,1029900,-133140,15.83,717,47,82,1.74,18443.83,10571.46,56,15480,261964
"5/23/2017",1e+06,568440,722400,-431560,21.31,718,40,52,1.3,14211,10931.54,54,10527,180810
"5/24/2017",1e+06,786290,934800,-213710,15.89,456,41,64,1.56,19177.8,12285.78,52,15121,234410
"5/25/2017",1e+06,408050,515050,-591950,20.77,401,28,39,1.39,14573.21,10462.82,60,6801,138232
"5/26/2017",1e+06,351460,434050,-648540,19.03,317,26,39,1.5,13517.69,9011.79,60,5858,104133
"5/27/2017",2100000,879300,1067800,-1220700,17.65,997,51,84,1.65,17241.18,10467.86,88,9992,271840
"5/28/2017",2100000,1344160,1631150,-755840,17.59,1419,83,137,1.65,16194.7,9811.39,72,18669,408155
"5/29/2017",1e+06,729440,888400,-270560,17.89,931,49,72,1.47,14886.53,10131.11,60,12157,202108
"5/30/2017",1e+06,751730,905800,-248270,17.01,732,33,64,1.94,22779.7,11745.78,52,14456,219453
"5/31/2017",1e+06,939000,1068450,-61000,12.12,860,38,91,2.39,24710.53,10318.68,52,18058,276430
"6/1/2017",1100000,918930,1049800,-181070,12.47,811,53,84,1.58,17338.3,10939.64,80,11487,263973
"6/2/2017",1100000,797000,958750,-303000,16.87,853,60,85,1.42,13283.33,9376.47,58,13741,251864
"6/3/2017",2600000,1735250,2095500,-864750,17.19,1569,92,150,1.63,18861.41,11568.33,68,25518,533530
"6/4/2017",2600000,1839700,2218850,-760300,17.09,1560,101,163,1.61,18214.85,11286.5,70,26281,586019
"6/5/2017",1100000,1034430,1240000,-65570,16.58,974,54,100,1.85,19156.11,10344.3,44,23510,337409
"6/6/2017",1100000,1006420,1109650,-93580,9.3,707,48,87,1.81,20967.08,11568.05,44,22873,305172
"6/7/2017",1100000,1058240,1298900,-41760,18.53,726,55,102,1.85,19240.73,10374.9,50,21165,326062
"6/8/2017",1100000,903730,1115950,-196270,19.02,958,52,81,1.56,17379.42,11157.16,60,15062,292911
"6/9/2017",1100000,1045290,1200100,-54710,12.9,853,55,98,1.78,19005.27,10666.22,44,23757,335969
"6/10/2017",2600000,1239080,1490800,-1360920,16.88,1328,72,124,1.72,17209.44,9992.58,68,18222,389879
"6/11/2017",2600000,1808970,2115150,-791030,14.48,1812,86,157,1.83,21034.53,11522.1,60,30150,572294
"6/12/2017",1100000,975390,1143850,-124610,14.73,891,56,83,1.48,17417.68,11751.69,46,21204,289665
"6/13/2017",1100000,852300,996150,-247700,14.44,908,48,77,1.6,17756.25,11068.83,46,18528,277818
"6/14/2017",1100000,1075060,1290250,-24940,16.68,1084,50,95,1.9,21501.2,11316.42,50,21501,332786
"6/15/2017",1100000,906760,1053750,-193240,13.95,1048,54,85,1.57,16791.85,10667.76,56,16192,285730
"6/16/2017",1100000,1255640,1855250,155640,32.32,1348,77,135,1.75,16307.01,9301.04,56,22422,470295
"6/17/2017",2600000,1975890,2923250,-624110,32.41,1897,128,235,1.84,15436.64,8408.04,70,28227,768163
"6/18/2017",2600000,2102490,3092300,-497510,32.01,1682,105,214,2.04,20023.71,9824.72,68,30919,823043
"6/19/2017",1100000,934580,1331950,-165420,29.83,878,57,101,1.77,16396.14,9253.27,56,16689,348822
"6/20/2017",1100000,916810,1329950,-183190,31.06,880,60,101,1.68,15280.17,9077.33,48,19100,370911
"6/21/2017",1100000,1056720,1510900,-43280,30.06,1014,79,122,1.54,13376.2,8661.64,54,19569,398509
"6/22/2017",1100000,852640,1147100,-247360,25.67,1024,47,98,2.09,18141.28,8700.41,58,14701,310718
"6/23/2017",1100000,890570,1099450,-209430,19,1283,51,91,1.78,17462.16,9786.48,60,14843,288312
"6/24/2017",2600000,1793980,2407000,-806020,25.47,2111,92,180,1.96,19499.78,9966.56,70,25628,654488
"6/25/2017",2600000,1694160,2163250,-905840,21.68,1419,90,155,1.72,18824,10930.06,70,24202,588927
"6/26/2017",1100000,1048860,1350150,-51140,22.32,983,53,97,1.83,19789.81,10812.99,54,19423,371432
"6/27/2017",1100000,1102790,1512850,2790,27.11,1071,50,103,2.06,22055.8,10706.7,54,20422,390168
"6/28/2017",1100000,857200,1078200,-242800,20.5,1048,44,76,1.73,19481.82,11278.95,46,18635,304548
"6/29/2017",1100000,1240120,1710200,140120,27.49,1413,61,116,1.9,20329.84,10690.69,52,23848,427579
"6/30/2017",1100000,1011400,1368000,-88600,26.07,1237,54,100,1.85,18729.63,10114,56,18061,349577
"7/1/2017",1200000,1159440,1530350,-40560,24.24,1496,66,113,1.71,17567.27,10260.53,66,17567,370671
"7/2/2017",2200000,1929150,2643600,-270850,27.03,1622,99,188,1.9,19486.36,10261.44,62,31115,692075
"7/3/2017",1200000,1070470,1442200,-129530,25.78,1038,56,96,1.71,19115.54,11150.73,44,24329,363838
"7/4/2017",1200000,809960,1127050,-390040,28.13,851,43,79,1.84,18836.28,10252.66,50,16199,283745
"7/5/2017",1200000,948800,1266350,-251200,25.08,1108,46,93,2.02,20626.09,10202.15,50,18976,331076
"7/6/2017",2400000,1763620,2346450,-636380,24.84,2113,103,171,1.66,17122.52,10313.57,56,31493,622821
"7/7/2017",2200000,1390610,2059650,-809390,32.48,1570,86,147,1.71,16169.88,9459.93,40,34765,553490
"7/8/2017",2e+06,1319770,1871250,-680230,29.47,1414,80,135,1.69,16497.13,9776.07,66,19997,487035
"7/9/2017",1600000,1293370,1787800,-306630,27.66,1525,70,124,1.77,18476.71,10430.4,76,17018,472737
"7/10/2017",1200000,926480,1317850,-273520,29.7,1034,58,83,1.43,15973.79,11162.41,48,19302,333477
"7/11/2017",1200000,874640,1267100,-325360,30.97,917,41,78,1.9,21332.68,11213.33,50,17493,330340
"7/12/2017",1200000,1140380,2229850,-59620,48.86,1253,75,143,1.91,15205.07,7974.69,56,20364,540368
"7/13/2017",1200000,1071210,1948650,-128790,45.03,1179,77,127,1.65,13911.82,8434.72,58,18469,488044
"7/14/2017",1200000,1154950,2146500,-45050,46.19,1591,75,130,1.73,15399.33,8884.23,36,32082,541515
"7/15/2017",2400000,1681570,3140750,-718430,46.46,2019,111,205,1.85,15149.28,8202.78,76,22126,795548
"7/16/2017",2400000,2125950,3818350,-274050,44.32,2049,131,239,1.82,16228.63,8895.19,68,31264,933777
"7/17/2017",1200000,1306550,2363800,106550,44.73,1313,71,144,2.03,18402.11,9073.26,56,23331,579855
"7/18/2017",1200000,799230,1531510,-400770,47.81,872,56,99,1.77,14271.96,8073.03,38,21032,384523
"7/19/2017",1200000,1078500,1871250,-121500,42.36,1077,62,115,1.85,17395.16,9378.26,58,18595,438006
"7/20/2017",1200000,927850,1753650,-272150,47.09,1102,60,107,1.78,15464.17,8671.5,56,16569,392400
"7/21/2017",1200000,1244780,2053300,44780,39.38,1500,76,144,1.89,16378.68,8644.31,50,24896,526075
"7/22/2017",2400000,1637360,4043550,-762640,59.51,1837,124,288,2.32,13204.52,5685.28,76,21544,1056337
"7/23/2017",2400000,1701250,4264830,-698750,60.11,1861,127,290,2.28,13395.67,5866.38,80,21266,1096382
"7/24/2017",1200000,840170,2032110,-359830,58.66,959,75,147,1.96,11202.27,5715.44,50,16803,548061
"7/25/2017",1200000,1097750,2109210,-102250,47.95,1034,63,149,2.37,17424.6,7367.45,40,27444,592273
"7/26/2017",1200000,901570,1985660,-298430,54.6,977,64,156,2.44,14087.03,5779.29,52,17338,516599
"7/27/2017",1200000,1351520,3207700,151520,57.87,1462,100,226,2.26,13515.2,5980.18,50,27030,816744
"7/28/2017",1200000,1589400,3761010,389400,57.74,1713,112,269,2.4,14191.07,5908.55,62,25635,983070
"7/29/2017",2e+06,1818810,4819960,-181190,62.27,1858,143,330,2.31,12718.95,5511.55,78,23318,1222936
"7/30/2017",2e+06,1802700,4106950,-197300,56.11,1910,129,280,2.17,13974.42,6438.21,68,26510,1036701
"7/31/2017",1200000,1313940,2952310,113940,55.49,1440,108,195,1.81,12166.11,6738.15,58,22654,750627
"9/1/2017",2e+06,2511470,3465350,511470,27.53,1619,115,213,1.85,21838.87,11790.94,60,41858,981744
"9/2/2017",2e+06,1911710,2349750,-88290,18.64,1528,70,145,2.07,27310.14,13184.21,88,21724,679073
"9/3/2017",1800000,1806490,2242150,6490,19.43,1408,71,137,1.93,25443.52,13186.06,58,31146,676989
"9/4/2017",1500000,973340,1232450,-526660,21.02,712,46,71,1.54,21159.57,13709.01,50,19467,869054
"9/5/2017",1500000,1182720,1299750,-317280,9,819,51,85,1.67,23190.59,13914.35,50,23654,382419
"9/6/2017",1500000,600010,896200,-899990,33.05,816,38,56,1.47,25565.26,17347.86,50,12000,243931
"9/7/2017",1500000,966820,1155550,-533180,16.33,822,47,69,1.47,20570.64,14011.88,52,18593,323439
"9/8/2017",1500000,1208770,1534800,-291230,21.24,942,63,104,1.65,19186.83,11622.79,50,24175,448533
"9/9/2017",2e+06,1956770,2429600,-43230,19.46,1343,83,148,1.78,23575.54,13221.42,60,32613,686862
"9/10/2017",2e+06,2171040,2888600,171040,24.84,1438,88,188,2.14,24670.91,11548.09,60,36184,384630
"9/11/2017",1500000,850690,1248100,-649310,31.84,851,35,78,2.23,24305.43,10906.28,50,17014,406055
"9/12/2017",1500000,1044990,1361150,-455010,23.23,845,48,77,1.6,21770.63,13571.3,40,26125,473736
"9/13/2017",1500000,1110900,1640600,-389100,32.29,811,56,88,1.57,19837.5,12623.86,42,26450,222055
"9/14/2017",1500000,736560,733850,-763440,-0.37,876,29,43,1.48,25398.62,17129.3,38,19383,377239
"9/15/2017",1500000,1231290,1238550,-268710,0.59,849,52,69,1.33,23678.65,17844.78,42,29316,405200
"9/16/2017",1800000,2269710,2300200,469710,1.33,1412,85,136,1.6,26702.47,16689.04,64,35464,699614
"9/17/2017",1800000,1989890,1999950,189890,0.5,1163,74,121,1.64,26890.41,16445.37,50,39798,616142
"9/18/2017",1300000,581620,603000,-718380,3.55,664,29,40,1.38,20055.86,14540.5,42,13848,188284
"9/19/2017",1300000,926040,930700,-373960,0.5,607,25,46,1.84,37041.6,20131.3,42,22049,270491
"9/20/2017",1300000,1019150,1019700,-280850,0.05,739,44,66,1.5,23162.5,15441.67,40,25479,311869
"9/21/2017",1300000,1072530,1078800,-227470,0.58,747,47,64,1.36,22819.79,16758.28,42,25536,339492
"9/22/2017",1300000,1768780,1838700,468780,3.8,1174,70,106,1.51,25268.29,16686.6,46,38452,580804
"9/23/2017",1800000,2209160,2265300,409160,2.48,1284,76,134,1.76,29067.89,16486.27,52,42484,716424
"9/24/2017",1800000,2877510,3013850,1077510,4.52,1280,90,163,1.81,31972.33,17653.44,54,53287,948443
"9/25/2017",1300000,1867360,1912450,567360,2.36,1142,56,91,1.63,33345.71,20520.44,42,44461,602678
"9/26/2017",1300000,961640,973850,-338360,1.25,775,35,63,1.8,27475.43,15264.13,42,22896,299034
"9/27/2017",1300000,971480,979450,-328520,0.81,817,40,51,1.28,24287,19048.63,50,19430,308351
"9/28/2017",1300000,1211090,1267550,-88910,4.45,1130,46,69,1.5,26328.04,17552.03,52,23290,398089
"9/29/2017",1300000,1342630,1396400,42630,3.85,1160,52,72,1.38,25819.81,18647.64,60,22377,408853
"9/30/2017",1800000,2779570,2884150,979570,3.63,2234,90,157,1.74,30884.11,17704.27,60,46326,901139
"10/1/2017",2500000,2713940,2795600,213940,2.92,2128,78,148,1.9,34794.1,18337.43,42,64618,867596
"10/2/2017",1400000,1065430,1091800,-334570,2.42,849,39,64,1.64,27318.72,16647.34,42,25367,345134
"10/3/2017",1400000,1326210,1372050,-73790,3.34,1151,41,79,1.93,32346.59,16787.47,42,31576,429386
"10/4/2017",1400000,1463790,1514100,63790,3.32,1233,42,78,1.86,34852.14,18766.54,42,34852,472027
"10/5/2017",1400000,2050990,2115100,650990,3.03,1417,61,118,1.93,33622.79,17381.27,42,48833,658993
"10/6/2017",1400000,1875290,2027500,475290,7.51,1458,69,110,1.59,27178.12,17048.09,42,44650,645772
"10/7/2017",2500000,3295300,3600150,795300,8.47,2184,105,197,1.88,31383.81,16727.41,50,65906,1125859
"10/8/2017",2500000,2730450,2996250,230450,8.87,1678,93,175,1.88,29359.68,15602.57,56,48758,939325
"10/9/2017",1400000,1432320,1541550,32320,7.09,1040,56,89,1.59,25577.14,16093.48,42,34103,485233
"10/10/2017",1400000,1479470,1584950,79470,6.66,909,49,81,1.65,30193.27,18265.06,42,35225,502893
"10/11/2017",1400000,923940,1023000,-476060,9.68,750,49,60,1.22,18855.92,15399,42,21999,334003
"10/12/2017",1400000,1470070,1612350,70070,8.82,1100,53,93,1.75,27737.17,15807.2,42,35002,511759
"10/13/2017",1400000,1206040,1300600,-193960,7.27,1001,41,68,1.66,29415.61,17735.88,42,28715,405107
"10/14/2017",2500000,2476140,2739450,-23860,9.61,1584,86,151,1.76,28792.33,16398.28,58,42692,861841
"10/15/2017",2500000,2189400,2313700,-310600,5.37,1341,84,126,1.5,26064.29,17376.19,62,35313,720820
"10/16/2017",1400000,417020,455500,-982980,8.45,537,21,30,1.43,19858.1,13900.67,28,14894,140606
"10/17/2017",1400000,878470,928250,-521530,5.36,823,34,55,1.62,25837.35,15972.18,50,17569,284605
"10/18/2017",1400000,952010,1033150,-447990,7.85,583,35,57,1.63,27200.29,16701.93,42,22667,324383
"10/19/2017",1400000,1252070,1319750,-147930,5.13,1040,46,65,1.41,27218.91,19262.62,50,25041,408373
"10/20/2017",1400000,1230400,1327600,-169600,7.32,931,32,68,2.13,38450,18094.12,42,29295,398715
"10/21/2017",2500000,1863190,1997000,-636810,6.7,1275,55,100,1.82,33876.18,18631.9,60,31053,598105
"10/22/2017",2500000,2464030,2643000,-35970,6.77,1682,74,140,1.89,33297.7,17600.21,66,37334,747746
"10/23/2017",1400000,633690,661050,-766310,4.14,736,34,39,1.15,18637.94,16248.46,46,13776,188755
"10/24/2017",1400000,868240,921650,-531760,5.8,569,25,47,1.88,34729.6,18473.19,50,17365,246452
"10/25/2017",1400000,1243360,1346450,-156640,7.66,964,40,71,1.78,31084,17512.11,50,24867,406128
"10/26/2017",1400000,1567630,1634850,167630,4.11,1088,61,83,1.36,25698.85,18887.11,50,31353,464442
"10/27/2017",1400000,1009620,1100200,-390380,8.23,981,36,56,1.56,28045,18028.93,58,17407,324578
"10/28/2017",2200000,2757290,2981700,557290,7.53,1475,91,146,1.6,30299.89,18885.55,86,32062,875316
"10/29/2017",2200000,2614940,2708250,414940,3.45,1800,78,135,1.73,33524.87,19369.93,72,36319,777872
"10/30/2017",1300000,1169430,1313350,-130570,10.96,862,44,73,1.66,26577.95,16019.59,48,24363,394722
"10/31/2017",1300000,1291300,1364350,-8700,5.35,952,35,73,2.09,36894.29,17689.04,50,25826,372956
"11/1/2017",1200000,1128810,1233650,-71190,8.5,1026,43,67,1.56,26251.4,16847.91,46,24539,358384
"11/2/2017",1200000,1274480,1334850,74480,4.52,1002,36,83,2.31,35402.22,15355.18,32,39828,395756
"11/3/2017",1200000,1236200,1396350,36200,11.47,997,40,73,1.83,30905,16934.25,45,27471,389628
"11/4/2017",2600000,1840080,2111500,-759920,12.85,1489,68,110,1.62,27060,16728,68,27060,608392
"11/5/2017",2600000,2894060,3396250,294060,14.79,1891,83,175,2.11,34868.19,16537.49,68,42560,934611
"11/6/2017",1200000,919590,1109500,-280410,17.12,936,32,50,1.56,28737.19,18391.8,48,19158,324397
"11/7/2017",1200000,912760,1045050,-287240,12.66,959,30,59,1.97,30425.33,15470.51,60,15213,293998
"11/8/2017",1200000,1029540,1188800,-170460,13.4,857,44,64,1.45,23398.64,16086.56,50,20591,307512
"11/9/2017",1200000,825980,925950,-374020,10.8,992,27,41,1.52,30591.85,20145.85,46,17956,256055
"11/10/2017",1200000,1527520,1772000,327520,13.8,1042,38,80,2.11,40197.89,19094,54,28287,508446
"11/11/2017",2600000,2408630,2838650,-191370,15.15,1803,69,127,1.84,34907.68,18965.59,64,37635,825672
"11/12/2017",2600000,2302780,2664200,-297220,13.57,1621,72,116,1.61,31983.06,19851.55,64,35981,773249
"11/13/2017",1200000,1097110,1237850,-102890,11.37,935,34,63,1.85,32267.94,17414.44,46,23850,361262
"11/14/2017",1200000,1583990,1806200,383990,12.3,1144,35,76,2.17,45256.86,20841.97,54,29333,525646
"11/15/2017",1200000,819970,937400,-380030,12.53,993,32,54,1.69,25624.06,15184.63,70,11714,276450
"11/16/2017",1200000,1074120,1197000,-125880,10.27,1059,38,64,1.68,28266.32,16783.13,88,12206,335157
"11/17/2017",1200000,1328140,1726550,128140,23.08,1055,46,89,1.93,28872.61,14922.92,90,14757,488781
"11/18/2017",2600000,2138660,2852300,-461340,25.02,1599,73,154,2.11,29296.71,13887.4,108,19802,837875
"11/19/2017",2600000,2937620,3708800,337620,20.79,1779,75,184,2.45,39168.27,15965.33,106,27713,1112029
"11/20/2017",1200000,1326200,1698050,126200,21.9,998,49,79,1.61,27065.31,16787.34,84,15788,507608
"11/21/2017",1200000,602690,714000,-597310,15.59,675,24,40,1.67,25112.08,15067.25,80,7534,214359
"11/22/2017",1200000,1271640,1605450,71640,20.79,1086,42,91,2.17,30277.14,13974.07,86,14787,463603
"11/23/2017",1200000,872480,1099050,-327520,20.62,1053,34,59,1.74,25661.18,14787.8,98,8903,331083
"11/24/2017",1200000,2465780,3866200,1265780,36.22,2232,99,196,1.98,24906.87,12580.51,84,29355,1127704
"11/25/2017",2600000,2297250,3398200,-302750,32.4,2353,74,176,2.38,31043.92,13052.56,108,21271,972401
"11/26/2017",2600000,1733150,2345600,-866850,26.11,1660,63,128,2.03,27510.32,13540.23,100,17332,709226
"11/27/2017",1100000,807850,1035300,-292150,21.97,862,26,54,2.08,31071.15,14960.19,84,9617,308632
"11/28/2017",1100000,1086330,1370400,-13670,20.73,903,32,72,2.25,33947.81,15087.92,80,13579,411130
"11/29/2017",1100000,440240,547550,-659760,19.6,802,19,29,1.53,23170.53,15180.69,86,5119,169701
"11/30/2017",1100000,1447990,1915650,347990,24.41,1200,39,107,2.74,37127.95,13532.62,92,15739,560724
"12/1/2017",2500000,2004620,2677200,-495380,25.12,1886,88,136,1.55,22779.77,14739.85,116,17281,788743
"12/2/2017",2500000,1829180,2420350,-670820,24.42,1746,69,133,1.93,26509.86,13753.23,96,19054,732353
"12/3/2017",2500000,2156730,2916650,-343270,26.05,1884,82,167,2.04,26301.59,12914.55,100,21567,887685
"12/4/2017",1100000,1205750,1648400,105750,26.85,1013,45,92,2.04,26794.44,13105.98,84,14354,502975
"12/5/2017",1100000,697440,890600,-402560,21.69,649,34,48,1.41,20512.94,14530,80,8718,266831
"12/6/2017",1100000,794990,1033400,-305010,23.07,753,33,52,1.58,24090.61,15288.27,98,8112,295625
"12/7/2017",1100000,823010,1099150,-276990,25.12,993,30,57,1.9,27433.67,14438.77,80,10288,381622
"12/8/2017",1100000,950990,1246500,-149010,23.71,931,41,70,1.71,23194.88,13585.57,84,11321,381622
"12/9/2017",2800000,1800640,2355350,-999360,23.55,1822,80,133,1.66,22508,13538.65,106,16987,718894
"12/10/2017",2800000,2620920,3506350,-179080,25.25,1847,91,193,2.12,28801.32,13579.9,100,26209,1067893
"12/11/2017",1e+06,961230,1242400,-38770,22.63,873,46,72,1.57,20896.3,13350.42,84,11443,366864
"12/12/2017",1e+06,714940,919700,-285060,22.26,861,25,46,1.84,28597.6,15542.17,90,7944,289977
"12/13/2017",1e+06,1102230,1449300,102230,23.95,995,44,74,1.68,25050.68,14895,96,11482,423191
"12/14/2017",1e+06,1004350,1291400,4350,22.23,855,45,72,1.6,22318.89,13949.31,96,10462,390136
"12/15/2017",1e+06,1505010,2476450,505010,39.23,1096,68,131,1.93,22132.5,11488.63,98,15357,713724
"12/16/2017",2200000,2684300,4510200,484300,40.48,2333,138,236,1.71,19451.45,11374.15,116,23141,1229030
"12/17/2017",2100000,2876570,4874000,776570,40.98,2242,165,260,1.58,17433.76,11063.73,108,26635,1396605
"12/18/2017",2500000,2430410,3989000,-69590,39.07,1881,144,220,1.53,16877.85,11047.32,110,22095,1150599
"12/19/2017",2500000,2142060,3508600,-357940,38.95,1515,114,188,1.65,18790,11393.94,110,19473,1002455
"12/20/2017",1e+06,931370,1538850,-68630,39.48,877,57,83,1.46,16339.82,11221.33,86,10830,430141
"12/21/2017",1e+06,1364050,2258150,364050,39.59,1019,78,117,1.5,17487.82,11658.55,104,13116,648806
"12/22/2017",1e+06,1105880,1781200,105880,37.91,1085,63,96,1.52,17553.65,11519.58,100,11059,495999
"12/23/2017",2800000,2595760,4152550,-204240,37.49,2128,123,209,1.7,21103.74,12419.9,114,22770,1177395
"12/24/2017",2800000,2792810,4445850,-7190,37.18,1970,122,223,1.83,22891.89,12523.81,110,25389,1304234
"12/25/2017",1400000,1129780,1754150,-270220,35.59,987,71,97,1.37,15912.39,11647.22,98,11528,525591
"12/26/2017",1400000,1838000,2685600,438000,31.56,1148,84,148,1.76,21880.95,12418.92,88,20886,767913
"12/27/2017",1400000,1480360,2375450,80360,37.68,1175,70,131,1.87,21148,11300.46,86,17213,677285
"12/28/2017",1400000,1988590,3116100,588590,36.18,1466,97,178,1.84,20500.93,11171.85,96,20714,929266
"12/29/2017",2700000,2411780,3943850,-288220,38.85,1667,120,223,1.86,20098.17,10815.16,104,23190,1227513
"12/30/2017",2800000,4173640,6931050,1373640,39.78,2580,223,379,1.7,18715.87,11012.24,116,35980,2087584
"12/31/2017",2400000,2634830,4352350,234830,39.46,1830,126,233,1.85,20911.35,11308.28,96,27446,1295496
"2/1/2018",2780488,952580,1434950,-1827908,33.62,717,49,81,1.65,19440.41,11760.25,42,22680,423821
"1/2/2018",2780488,1357020,2298250,-1423468,40.95,1215,93,135,1.45,14591.61,10052,72,18848,668646
"1/3/2018",1390244,1562750,2532150,172506,38.28,1223,84,137,1.63,18604.17,11406.93,90,17364,724951
"1/4/2018",1390244,1435960,2302450,45716,37.63,1088,81,131,1.62,17727.9,10961.53,90,15955,682879
"1/5/2018",1390244,2244540,4525000,854296,50.4,1316,123,260,2.11,18248.29,8632.85,106,21175,1342809
"1/6/2018",2780488,3004130,5948150,223642,49.49,1891,169,317,1.88,17775.92,9476.75,116,25898,1742301
"1/7/2018",2780488,2488070,4993100,-292418,50.17,1842,171,318,1.86,14550.12,7824.12,104,23924,1526907
"1/8/2018",1390244,697560,1456200,-692684,52.1,732,51,96,1.88,13677.65,7266.25,78,8943,444823
"1/9/2018",1390244,1139540,2241950,-250704,49.17,978,63,141,2.24,18087.94,8081.84,84,13566,665661
"1/10/2018",1390244,1475500,3001400,85256,50.84,954,99,172,1.74,14904.04,8578.49,100,14755,895229
"1/11/2018",1390244,938900,1851400,-451344,49.29,966,73,112,1.53,12861.64,8383.04,84,11177,548871
"1/12/2018",1390244,918270,2070450,-471974,55.65,832,61,111,1.82,15053.61,8272.7,94,9769,597794
"1/13/2018",2780488,1871830,3916050,-908658,52.2,1513,122,219,1.8,15342.87,8547.17,102,18351,1156474
"1/14/2018",2780488,1839750,4061300,-940738,54.7,1300,125,234,1.87,14718,7862.18,106,17356,1183927
"1/15/2018",1200000,738990,1452600,-461010,49.13,745,44,88,2,16795.23,8397.61,96,7698,433680
"1/16/2018",1200000,852820,1882450,-347180,54.7,903,59,111,1.88,14454.58,7683.06,94,9073,524878
"1/17/2018",1200000,769910,1725010,-430090,55.37,787,61,100,1.64,12621.48,7699.1,78,9871,529465
"1/18/2018",1200000,1316790,3297950,116790,60.07,1130,97,201,2.07,13575.15,6551.19,76,17326,991838
"1/19/2018",1200000,1374020,3569550,174020,61.51,1130,118,229,1.94,11644.24,6000.09,98,14021,1038904
"1/20/2018",2200000,2830790,7188850,630790,60.62,2254,203,423,2.08,13944.78,6692.17,102,27753,2083488
"1/21/2018",2200000,2444880,6167900,244880,60.36,1948,183,382,2.09,13360,6400.21,106,23065,1837323
"1/22/2018",1200000,772260,2018620,-427740,61.74,811,66,126,1.91,11700.91,6129.05,94,8216,599794
"1/23/2018",1200000,1331660,3450320,131660,61.4,1075,91,209,2.3,14633.63,6371.58,96,13871,987270
"1/24/2018",1200000,963780,2488750,-236220,61.27,1079,85,145,1.71,11338.59,6646.76,88,10952,747913
"1/25/2018",1200000,857070,1358130,-342930,36.89,972,77,136,1.77,11130.78,6301.99,94,9118,680623
"1/26/2018",1200000,1165880,1704480,-34120,31.6,866,95,173,1.82,12272.42,6739.19,98,11897,865737
"1/27/2018",2200000,2178930,3410370,-21070,36.11,1727,164,314,1.91,13286.16,6939.27,102,21362,1680356
"1/28/2018",2e+06,1982540,4658750,-17460,57.44,1711,147,265,1.8,13486.67,7481.28,110,18023,1409794
"1/29/2018",1200000,742340,1836450,-457660,59.58,800,49,111,2.27,15149.8,6687.75,94,7897,559850
"1/30/2018",1200000,822860,2144650,-377140,61.63,917,82,127,1.55,10034.88,6479.21,94,8754,650268
"1/31/2018",1200000,1434670,2429230,234670,40.94,1077,103,242,2.35,13928.83,5928.39,88,16303,1173065
"2/1/2018",1500000,1006910,1573190,-493090,36,1022,82,158,1.93,12279.39,6372.85,88,11442,794960
"2/2/2018",1600000,921080,2386550,-678920,61.41,918,76,143,1.88,12119.47,6441.12,98,9399,722112
"2/3/2018",2800000,1914480,4758860,-885520,59.77,1830,120,277,2.31,15954,6911.48,120,15954,1470718
"2/4/2018",2800000,2267000,5765850,-533000,60.68,1801,177,323,1.82,12807.91,7018.58,106,21387,1737407
"2/5/2018",1500000,813020,2039150,-686980,60.13,795,62,117,1.89,13113.23,6948.89,94,8649,610510
"2/6/2018",1500000,909870,2103450,-590130,56.74,859,69,131,1.9,13186.52,6945.57,94,9679,621494
"2/7/2018",1500000,862680,1290820,-637320,33.17,875,87,130,1.49,9915.86,6636,100,8627,632351
"2/8/2018",1500000,818030,1198570,-681970,31.75,890,67,128,1.91,12209.4,6390.86,92,8892,620408
"2/9/2018",1500000,1072680,2178350,-427320,50.76,910,57,133,2.33,18818.95,8065.26,98,10946,668365
"2/10/2018",2800000,2088990,5185050,-711010,59.71,1963,168,319,1.9,12434.46,6548.56,112,18652,1552666
"2/11/2018",2800000,1646300,2230550,-1153700,26.19,1589,136,243,1.79,12105.15,6774.9,110,14966,1168420
"2/12/2018",1500000,631410,1662200,-868590,62.01,686,52,96,1.85,12142.5,6577.19,94,6717,490150
"2/13/2018",1500000,903380,2069550,-596620,56.35,825,85,129,1.52,10628,7002.95,94,9610,632985
"2/14/2018",1500000,1118420,1309080,-381580,14.56,1069,89,150,1.69,12566.52,7456.13,86,13005,721911
"2/15/2018",1500000,1084870,1421140,-415130,23.66,1082,74,149,2.01,14660.41,7281.01,92,11792,773474
"2/16/2018",1500000,1221320,1501240,-278680,18.65,1205,89,149,1.67,13722.7,8196.78,94,12993,836271
"2/17/2018",2800000,1958360,4458700,-841640,56.08,2066,126,266,2.11,15542.54,7362.26,116,16882,1331369
"2/18/2018",2800000,1919990,4634600,-880010,58.57,1829,137,268,1.96,14014.53,7164.14,106,18113,1402665
"2/19/2018",1500000,861880,1949100,-638120,55.78,876,74,118,1.59,11647.03,7304.07,90,9576,575360
"2/20/2018",1500000,671620,1555000,-828380,56.81,906,59,100,1.69,11383.39,6716.2,59,11383,467457
"2/21/2018",1500000,817700,1746910,-682300,53.19,962,60,111,1.85,13628.33,7366.67,76,10759,539422
"2/22/2018",1500000,1110500,2770350,-389500,59.91,1207,85,173,2.04,13064.71,6419.08,85,13065,826636
"2/23/2018",1500000,1279530,2866200,-220470,55.36,1218,92,176,1.91,13907.93,7270.06,104,12303,855006
"2/24/2018",2800000,1561450,3449400,-1238550,54.73,1510,132,212,1.61,11829.17,7365.33,116,13461,1014796
"2/25/2018",2800000,1788220,4214460,-1011780,57.57,2193,141,260,1.84,12682.41,6877.77,114,15686,1253583
"2/26/2018",1500000,780830,1920950,-719170,59.35,939,49,121,2.47,15935.31,6453.14,94,8307,571733
"2/27/2018",1500000,574690,1237000,-925310,53.54,717,39,80,2.05,14735.64,7183.63,94,6114,369130
"2/28/2018",1500000,1441380,3668050,-58620,60.7,1237,83,239,2.88,17366.02,6030.88,92,15667,1090611
"3/1/2018",1100000,743700,803700,-356300,7.47,811,25,46,1.84,29748,16167.39,62,11995,245325
"3/2/2018",1100000,437200,436350,-662800,-0.19,703,17,39,2.29,25717.65,11210.26,72,6072,144182
"3/3/2018",1500000,811220,777200,-688780,-4.38,1008,41,56,1.37,19785.85,14486.07,76,10674,249631
"3/4/2018",2200000,1362290,1368150,-837710,0.43,1674,59,97,1.64,23089.66,14044.23,96,14191,436881
"3/5/2018",1100000,865570,899600,-234430,3.78,914,45,68,1.51,19234.89,12728.97,72,12022,287202
"3/6/2018",1100000,930100,925150,-169900,-0.54,818,31,57,1.84,30003.23,16317.54,72,12918,286955
"3/7/2018",1600000,692380,785150,-907620,11.82,958,42,57,1.36,16485.24,12147.02,84,8243,242597
"3/8/2018",2200000,1152650,1360350,-1047350,15.27,2122,73,93,1.27,15789.73,12394.09,104,11083,423063
"3/9/2018",2200000,1627170,1884850,-572830,13.67,1792,77,123,1.6,21132.08,13229.02,98,16604,604836
"3/10/2018",2e+06,1347050,1580900,-652950,14.79,1373,61,102,1.67,22082.79,13206.37,86,15663,503549
"3/11/2018",2e+06,1213600,1427500,-786400,14.98,1454,58,90,1.55,20924.14,13484.44,104,11669,447976
"3/12/2018",1100000,231250,229250,-868750,-0.87,436,15,15,1,15416.67,15416.67,68,3401,73369
"3/13/2018",1100000,449860,454650,-650140,1.05,481,20,27,1.35,22493,16661.48,68,6616,141600
"3/14/2018",1100000,1018200,1028110,-81800,0.96,635,33,58,1.76,30854.55,17555.17,76,13397,323692
"3/15/2018",1100000,724210,772650,-375790,6.27,750,30,47,1.57,24140.33,15408.72,76,9529,250216
"3/16/2018",1100000,656520,674000,-443480,2.59,631,28,40,1.43,23447.14,16413,90,7295,216806
"3/17/2018",2200000,1500490,1569450,-699510,4.39,1235,56,90,1.61,26794.46,16672.11,90,16672,491978
"3/18/2018",2200000,1761440,1814650,-438560,2.93,1565,56,107,1.91,31454.29,16462.06,100,17614,573650
"3/19/2018",1100000,874310,910950,-225690,4.02,794,37,61,1.65,23630,14332.95,70,12490,289816
"3/20/2018",1400000,1003200,1052650,-396800,4.7,1031,51,67,1.31,19670.59,14973.13,100,10032,333296
"3/21/2018",2200000,2152900,2226800,-47100,3.32,1760,69,124,1.8,31201.45,17362.1,86,25034,699680
"3/22/2018",2200000,1422340,1479250,-777660,3.85,1446,57,95,1.67,24953.33,14972,98,14514,460467
"3/23/2018",2e+06,1530650,1594100,-469350,3.98,1418,67,98,1.46,22845.52,15618.88,86,17798,506498
"3/24/2018",1800000,1233680,1280150,-566320,3.63,1235,50,77,1.54,24673.6,16021.82,98,12589,404908
"3/25/2018",1800000,1615370,1683950,-184630,4.07,1527,49,101,2.06,32966.73,15993.76,72,22436,522621
"3/26/2018",1100000,478020,508200,-621980,5.94,584,22,36,1.64,21728.18,13278.33,68,7030,157835
"3/27/2018",1100000,425270,447650,-674730,5,738,22,27,1.23,19330.45,15750.74,68,6254,143112
"3/28/2018",1100000,833200,867100,-266800,3.91,838,31,58,1.87,26877.42,14365.52,83,10039,267442
"3/29/2018",1100000,530710,533450,-569290,0.51,906,28,31,1.11,18953.93,17119.68,80,6634,167949
"3/30/2018",1100000,760620,797500,-339380,4.62,879,29,50,1,84513.33,84513.33,84,9055,253088
"3/31/2018",2e+06,1913090,2040100,-86910,6.23,1406,78,138,1.77,24526.79,13862.97,78,24527,628032
"4/1/2018",2e+06,1159400,1264600,-840600,8.32,1249,60,88,1.47,19323.33,13175,94,12334,401904
"4/2/2018",1e+06,657570,707750,-342430,7.09,804,28,45,1.61,23484.64,14612.67,64,10275,216045
"4/3/2018",1e+06,571450,625150,-428550,8.59,684,23,37,1.61,24845.65,15444.59,74,7722,193053
"4/4/2018",1e+06,882590,915000,-117410,3.54,902,37,60,1.62,23853.78,14709.83,68,12979,282295
"4/5/2018",1e+06,1194270,1268100,194270,5.82,930,46,78,1.7,25962.39,15311.15,84,14218,391317
"4/6/2018",1200000,1350720,1456400,150720,7.26,1039,49,92,1.88,27565.71,14681.74,90,15008,451912
"4/7/2018",2e+06,2067430,2268160,67430,8.85,1580,72,137,1.9,28714.31,15090.73,94,21994,703923
"4/8/2018",2e+06,1744100,1889650,-255900,7.7,1291,87,127,1.46,20047.13,13733.07,106,16454,565693
"4/9/2018",1e+06,813300,864940,-186700,5.97,730,46,61,1.33,17680.43,13332.79,78,10427,272403
"4/10/2018",1e+06,777750,875450,-222250,11.16,834,31,51,1.65,25088.71,15250,68,11438,677505
"4/11/2018",1e+06,647460,693800,-352540,6.68,743,28,44,1.57,23123.57,14715,62,10443,213893
"4/12/2018",1e+06,671060,719700,-328940,6.76,756,27,46,1.7,24854.07,14588.26,82,8184,651439
"4/13/2018",1200000,717650,748650,-482350,4.14,768,34,47,1.38,21107.35,15269.15,60,11961,230410
"4/14/2018",2e+06,1865720,1965950,-134280,5.1,1478,61,121,1.98,30585.57,15419.17,82,22753,602658
"4/15/2018",2e+06,1539700,1732250,-460300,11.12,1384,61,115,1.89,25240.98,13388.7,100,15397,531470
"4/16/2018",1e+06,850910,934010,-149090,8.9,693,31,60,1.94,27448.71,14181.83,78,10909,300534
"4/17/2018",1e+06,801500,872210,-198500,8.11,767,32,56,1.75,25046.88,14312.5,78,10276,270559
"4/18/2018",1e+06,678070,803400,-321930,15.6,733,29,52,1.79,23381.72,13039.81,78,8693,669621
"4/19/2018",1e+06,884750,1033450,-115250,14.39,704,42,71,1.69,21065.48,12461.27,66,13405,NA
